{
	"n_targets": 38,
	"n_bootstraps": 0,
	"n_processed": 676,
	"n_pseudoaligned": 131,
	"n_unique": 131,
	"p_pseudoaligned": 19.4,
	"p_unique": 19.4,
	"kallisto_version": "0.50.1",
	"index_version": 13,
	"start_time": "Fri Dec  8 17:35:38 2023",
	"call": "/content/kallisto/build/src/kallisto bus -i /content/LSCHWCP_2023/Notebooks/ebola_ref/ebov_GCA_000848505.idx -o kallisto_alignment/standard/5_ebov_snp_08_ms -x bulk -t 20 /content/LSCHWCP_2023/Notebooks/Figure_2/Figure_2c/mutated_files/5_ebov_snp_08_ms.fa"
}
