,Tree node ID,Tree node label,palmdb_sp_count,ncbi_sp_count,palmdb_sp_count_log,ncbi_sp_count_log,palmdb_sp_count-ncbi_sp_count,palmdb_sp_count_log-ncbi_sp_count_log
0,Negevirus,Negevirus,57,8,4.04305126783455,2.0794415416798357,49,1.9636097261547145
1,Unclassified sp.,Unclassified sp.,1598,313,7.37650812632622,5.746203190540153,1285,1.630304935786067
2,Fusariviridae,Fusariviridae,390,14,5.966146739123692,2.6390573296152584,376,3.327089409508434
3,Unclassified,Unclassified,97106,0,11.483558444337415,0.0,97106,11.483558444337415
4,Botybirnavirus,Botybirnavirus,11,3,2.3978952727983707,1.0986122886681098,8,1.2992829841302609
5,Permutotetraviridae,Permutotetraviridae,32,2,3.4657359027997265,0.6931471805599453,30,2.772588722239781
6,Mimivirus,Mimivirus,1,3,0.0,1.0986122886681098,-2,-1.0986122886681098
7,Polymycovirus,Polymycovirus,22,7,3.091042453358316,1.9459101490553132,15,1.1451323043030028
8,Badnavirus,Badnavirus,1,70,0.0,4.248495242049359,-69,-4.248495242049359
9,Myoviridae,Myoviridae,1,77,0.0,4.343805421853684,-76,-4.343805421853684
10,Muromegalovirus,Muromegalovirus,1,3,0.0,1.0986122886681098,-2,-1.0986122886681098
11,Varicellovirus,Varicellovirus,1,19,0.0,2.9444389791664403,-18,-2.9444389791664403
12,Avibirnavirus,Avibirnavirus,5,1,1.6094379124341003,0.0,4,1.6094379124341003
13,Aquabirnavirus,Aquabirnavirus,1,5,0.0,1.6094379124341003,-4,-1.6094379124341003
14,Entomobirnavirus,Entomobirnavirus,1,1,0.0,0.0,0,0.0
15,Mitovirus,Mitovirus,1640,10,7.402451520818244,2.302585092994046,1630,5.099866427824198
16,Narnavirus,Narnavirus,113,9,4.727387818712341,2.1972245773362196,104,2.5301632413761213
17,Levivirus,Levivirus,52,2,3.9512437185814275,0.6931471805599453,50,3.258096538021482
18,Allolevivirus,Allolevivirus,82,3,4.406719247264253,1.0986122886681098,79,3.3081069585961433
19,Ourmiavirus,Ourmiavirus,1535,3,7.336285660021298,1.0986122886681098,1532,6.237673371353188
20,Botoulivirus,Botoulivirus,2,2,0.6931471805599453,0.6931471805599453,0,0.0
21,Scleroulivirus,Scleroulivirus,13,3,2.5649493574615367,1.0986122886681098,10,1.466337068793427
22,Cystovirus,Cystovirus,6,7,1.791759469228055,1.9459101490553132,-1,-0.15415067982725827
23,Rotavirus,Rotavirus,862,10,6.759255270663693,2.302585092994046,852,4.456670177669647
24,Orthoreovirus,Orthoreovirus,88,11,4.477336814478207,2.3978952727983707,77,2.079441541679836
25,Orbivirus,Orbivirus,354,26,5.869296913133774,3.258096538021482,328,2.611200375112292
26,Fijivirus,Fijivirus,23,7,3.1354942159291497,1.9459101490553132,16,1.1895840668738364
27,Aquareovirus,Aquareovirus,18,7,2.8903717578961645,1.9459101490553132,11,0.9444616088408513
28,Phytoreovirus,Phytoreovirus,12,4,2.4849066497880004,1.3862943611198906,8,1.0986122886681098
29,Seadornavirus,Seadornavirus,36,3,3.58351893845611,1.0986122886681098,33,2.484906649788
30,Cypovirus,Cypovirus,20,8,2.995732273553991,2.0794415416798357,12,0.9162907318741551
31,Cardoreovirus,Cardoreovirus,2,1,0.6931471805599453,0.0,1,0.6931471805599453
32,Megabirnavirus,Megabirnavirus,3,3,1.0986122886681098,1.0986122886681098,0,0.0
33,Quadrivirus,Quadrivirus,5,1,1.6094379124341003,0.0,4,1.6094379124341003
34,Chrysovirus,Chrysovirus,30,2,3.4011973816621555,0.6931471805599453,28,2.70805020110221
35,Alphachrysovirus,Alphachrysovirus,64,16,4.1588830833596715,2.772588722239781,48,1.3862943611198904
36,Betachrysovirus,Betachrysovirus,13,10,2.5649493574615367,2.302585092994046,3,0.26236426446749084
37,Leishmaniavirus,Leishmaniavirus,32,4,3.4657359027997265,1.3862943611198906,28,2.079441541679836
38,Totivirus,Totivirus,117,10,4.762173934797756,2.302585092994046,107,2.4595888418037104
39,Giardiavirus,Giardiavirus,10,2,2.302585092994046,0.6931471805599453,8,1.6094379124341005
40,Trichomonasvirus,Trichomonasvirus,59,4,4.07753744390572,1.3862943611198906,55,2.691243082785829
41,Victorivirus,Victorivirus,91,29,4.51085950651685,3.367295829986474,62,1.1435636765303756
42,Sinaivirus,Sinaivirus,73,7,4.290459441148391,1.9459101490553132,66,2.3445492920930775
43,Alphanodavirus,Alphanodavirus,137,5,4.919980925828125,1.6094379124341003,132,3.3105430133940246
44,Betanodavirus,Betanodavirus,38,5,3.6375861597263857,1.6094379124341003,33,2.028148247292285
45,Flavivirus,Flavivirus,1807,83,7.499423290592229,4.418840607796598,1724,3.0805826827956304
46,Hepacivirus,Hepacivirus,9187,27,9.125544720271467,3.295836866004329,9160,5.829707854267138
47,Pegivirus,Pegivirus,199,14,5.293304824724492,2.6390573296152584,185,2.654247495109234
48,Pestivirus,Pestivirus,401,14,5.993961427306569,2.6390573296152584,387,3.354904097691311
49,Alphacarmotetravirus,Alphacarmotetravirus,5,1,1.6094379124341003,0.0,4,1.6094379124341003
50,Polerovirus,Polerovirus,579,36,6.361302477572996,3.58351893845611,543,2.7777835391168857
51,Luteovirus,Luteovirus,171,13,5.14166355650266,2.5649493574615367,158,2.5767141990411235
52,Enamovirus,Enamovirus,52,5,3.9512437185814275,1.6094379124341003,47,2.3418058061473275
53,Machlomovirus,Machlomovirus,26,1,3.258096538021482,0.0,25,3.258096538021482
54,Gammacarmovirus,Gammacarmovirus,95,4,4.553876891600541,1.3862943611198906,91,3.16758253048065
55,Betanecrovirus,Betanecrovirus,143,3,4.962844630259907,1.0986122886681098,140,3.864232341591797
56,Umbravirus,Umbravirus,118,11,4.770684624465665,2.3978952727983707,107,2.3727893516672944
57,Alphacarmovirus,Alphacarmovirus,56,8,4.02535169073515,2.0794415416798357,48,1.945910149055314
58,Aureusvirus,Aureusvirus,88,6,4.477336814478207,1.791759469228055,82,2.685577345250152
59,Betacarmovirus,Betacarmovirus,21,4,3.044522437723423,1.3862943611198906,17,1.6582280766035324
60,Pelarspovirus,Pelarspovirus,35,7,3.5553480614894135,1.9459101490553132,28,1.6094379124341003
61,Tombusvirus,Tombusvirus,292,16,5.676753802268282,2.772588722239781,276,2.9041650800285006
62,Alphanecrovirus,Alphanecrovirus,46,4,3.828641396489095,1.3862943611198906,42,2.4423470353692043
63,Dianthovirus,Dianthovirus,24,3,3.1780538303479458,1.0986122886681098,21,2.079441541679836
64,Panicovirus,Panicovirus,37,4,3.6109179126442243,1.3862943611198906,33,2.224623551524334
65,Rubivirus,Rubivirus,20,1,2.995732273553991,0.0,19,2.995732273553991
66,Benyvirus,Benyvirus,10,4,2.302585092994046,1.3862943611198906,6,0.9162907318741553
67,Omegatetravirus,Omegatetravirus,12,3,2.4849066497880004,1.0986122886681098,9,1.3862943611198906
68,Piscihepevirus,Piscihepevirus,2,1,0.6931471805599453,0.0,1,0.6931471805599453
69,Orthohepevirus,Orthohepevirus,358,3,5.8805329864007,1.0986122886681098,355,4.78192069773259
70,Alphavirus,Alphavirus,210,34,5.3471075307174685,3.5263605246161616,176,1.820747006101307
71,Idaeovirus,Idaeovirus,29,3,3.367295829986474,1.0986122886681098,26,2.2686835413183646
72,Cilevirus,Cilevirus,10,3,2.302585092994046,1.0986122886681098,7,1.2039728043259361
73,Betaendornavirus,Betaendornavirus,7,8,1.9459101490553132,2.0794415416798357,-1,-0.13353139262452252
74,Alphaendornavirus,Alphaendornavirus,92,23,4.5217885770490405,3.1354942159291497,69,1.3862943611198908
75,Ampelovirus,Ampelovirus,112,15,4.718498871295094,2.70805020110221,97,2.010448670192884
76,Crinivirus,Crinivirus,71,15,4.2626798770413155,2.70805020110221,56,1.5546296759391054
77,Closterovirus,Closterovirus,122,16,4.804021044733257,2.772588722239781,106,2.0314323224934756
78,Velarivirus,Velarivirus,29,8,3.367295829986474,2.0794415416798357,21,1.2878542883066384
79,Cucumovirus,Cucumovirus,84,4,4.430816798843313,1.3862943611198906,80,3.0445224377234226
80,Ilarvirus,Ilarvirus,164,25,5.099866427824199,3.2188758248682006,139,1.8809906029559982
81,Alfamovirus,Alfamovirus,19,1,2.9444389791664403,0.0,18,2.9444389791664403
82,Bromovirus,Bromovirus,28,7,3.332204510175204,1.9459101490553132,21,1.3862943611198906
83,Anulavirus,Anulavirus,18,3,2.8903717578961645,1.0986122886681098,15,1.7917594692280547
84,Tobamovirus,Tobamovirus,535,37,6.282266746896006,3.6109179126442243,498,2.671348834251782
85,Tobravirus,Tobravirus,9,3,2.1972245773362196,1.0986122886681098,6,1.0986122886681098
86,Pomovirus,Pomovirus,17,5,2.833213344056216,1.6094379124341003,12,1.2237754316221159
87,Furovirus,Furovirus,20,6,2.995732273553991,1.791759469228055,14,1.203972804325936
88,Hordeivirus,Hordeivirus,15,3,2.70805020110221,1.0986122886681098,12,1.6094379124341003
89,Pecluvirus,Pecluvirus,2,2,0.6931471805599453,0.6931471805599453,0,0.0
90,Mycoflexivirus,Mycoflexivirus,13,1,2.5649493574615367,0.0,12,2.5649493574615367
91,Deltaflexivirus,Deltaflexivirus,196,4,5.278114659230517,1.3862943611198906,192,3.891820298110626
92,Tymovirus,Tymovirus,122,26,4.804021044733257,3.258096538021482,96,1.5459245067117746
93,Marafivirus,Marafivirus,427,13,6.056784013228625,2.5649493574615367,414,3.491834655767088
94,Maculavirus,Maculavirus,73,6,4.290459441148391,1.791759469228055,67,2.498699971920336
95,Allexivirus,Allexivirus,179,12,5.187385805840755,2.4849066497880004,167,2.7024791560527546
96,Potexvirus,Potexvirus,394,47,5.976350909297934,3.8501476017100584,347,2.1262033075878755
97,Mandarivirus,Mandarivirus,15,2,2.70805020110221,0.6931471805599453,13,2.0149030205422647
98,Sclerodarnavirus,Sclerodarnavirus,1,1,0.0,0.0,0,0.0
99,Platypuvirus,Platypuvirus,5,1,1.6094379124341003,0.0,4,1.6094379124341003
100,Capillovirus,Capillovirus,212,5,5.356586274672012,1.6094379124341003,207,3.747148362237912
101,Carlavirus,Carlavirus,760,58,6.633318433280377,4.060443010546419,702,2.572875422733958
102,Trichovirus,Trichovirus,287,7,5.659482215759621,1.9459101490553132,280,3.713572066704308
103,Foveavirus,Foveavirus,575,9,6.354370040797351,2.1972245773362196,566,4.157145463461131
104,Robigovirus,Robigovirus,48,5,3.871201010907891,1.6094379124341003,43,2.261763098473791
105,Prunevirus,Prunevirus,9,3,2.1972245773362196,1.0986122886681098,6,1.0986122886681098
106,Tepovirus,Tepovirus,58,2,4.060443010546419,0.6931471805599453,56,3.3672958299864737
107,Vitivirus,Vitivirus,366,17,5.902633333401366,2.833213344056216,349,3.0694199893451497
108,Citrivirus,Citrivirus,101,1,4.61512051684126,0.0,100,4.61512051684126
109,Chordovirus,Chordovirus,13,2,2.5649493574615367,0.6931471805599453,11,1.8718021769015913
110,Divavirus,Divavirus,7,4,1.9459101490553132,1.3862943611198906,3,0.5596157879354227
111,Yuyuevirus,Yuyuevirus,1,2,0.0,0.6931471805599453,-1,-0.6931471805599453
112,Serpentovirales,Serpentovirales,1,6,0.0,1.791759469228055,-5,-1.791759469228055
113,Tilapinevirus,Tilapinevirus,6,1,1.791759469228055,0.0,5,1.791759469228055
114,Betainfluenzavirus,Betainfluenzavirus,349,1,5.855071922202427,0.0,348,5.855071922202427
115,Alphainfluenzavirus,Alphainfluenzavirus,5729,7,8.653296274408579,1.9459101490553132,5722,6.707386125353265
116,Gammainfluenzavirus,Gammainfluenzavirus,13,1,2.5649493574615367,0.0,12,2.5649493574615367
117,Deltainfluenzavirus,Deltainfluenzavirus,20,1,2.995732273553991,0.0,19,2.995732273553991
118,Isavirus,Isavirus,12,2,2.4849066497880004,0.6931471805599453,10,1.791759469228055
119,Quaranjavirus,Quaranjavirus,27,4,3.295836866004329,1.3862943611198906,23,1.9095425048844386
120,Thogotovirus,Thogotovirus,16,3,2.772588722239781,1.0986122886681098,13,1.6739764335716714
121,Emaravirus,Emaravirus,45,11,3.8066624897703196,2.3978952727983707,34,1.408767216971949
122,Orthotospovirus,Orthotospovirus,96,25,4.564348191467836,3.2188758248682006,71,1.3454723665996355
123,Orthonairovirus,Orthonairovirus,133,24,4.890349128221754,3.1780538303479458,109,1.712295297873808
124,Orthohantavirus,Orthohantavirus,150,39,5.0106352940962555,3.6635616461296463,111,1.3470736479666092
125,Mobatvirus,Mobatvirus,19,3,2.9444389791664403,1.0986122886681098,16,1.8458266904983305
126,Thottimvirus,Thottimvirus,14,2,2.6390573296152584,0.6931471805599453,12,1.945910149055313
127,Orthobunyavirus,Orthobunyavirus,260,83,5.560681631015528,4.418840607796598,177,1.1418410232189293
128,Herbevirus,Herbevirus,13,3,2.5649493574615367,1.0986122886681098,10,1.466337068793427
129,Pacuvirus,Pacuvirus,6,4,1.791759469228055,1.3862943611198906,2,0.4054651081081644
130,Feravirus,Feravirus,8,1,2.0794415416798357,0.0,7,2.0794415416798357
131,Orthophasmavirus,Orthophasmavirus,7,11,1.9459101490553132,2.3978952727983707,-4,-0.45198512374305744
132,Jonvirus,Jonvirus,5,1,1.6094379124341003,0.0,4,1.6094379124341003
133,Mammarenavirus,Mammarenavirus,359,38,5.883322388488279,3.6375861597263857,321,2.245736228761893
134,Arenavirus,Arenavirus,4,1,1.3862943611198906,0.0,3,1.3862943611198906
135,Reptarenavirus,Reptarenavirus,117,6,4.762173934797756,1.791759469228055,111,2.9704144655697013
136,Hartmanivirus,Hartmanivirus,17,4,2.833213344056216,1.3862943611198906,13,1.4469189829363256
137,Bandavirus,Bandavirus,64,8,4.1588830833596715,2.0794415416798357,56,2.0794415416798357
138,Phlebovirus,Phlebovirus,175,52,5.1647859739235145,3.9512437185814275,123,1.213542255342087
139,Phasivirus,Phasivirus,38,5,3.6375861597263857,1.6094379124341003,33,2.028148247292285
140,Tenuivirus,Tenuivirus,26,8,3.258096538021482,2.0794415416798357,18,1.1786549963416464
141,Uukuvirus,Uukuvirus,15,12,2.70805020110221,2.4849066497880004,3,0.2231435513142097
142,Ixovirus,Ixovirus,4,2,1.3862943611198906,0.6931471805599453,2,0.6931471805599453
143,Coguvirus,Coguvirus,40,1,3.6888794541139363,0.0,39,3.6888794541139363
144,Rubodvirus,Rubodvirus,12,2,2.4849066497880004,0.6931471805599453,10,1.791759469228055
145,Wenrivirus,Wenrivirus,6,1,1.791759469228055,0.0,5,1.791759469228055
146,Goukovirus,Goukovirus,2,3,0.6931471805599453,1.0986122886681098,-1,-0.4054651081081645
147,Mobuvirus,Mobuvirus,2,1,0.6931471805599453,0.0,1,0.6931471805599453
148,Entovirus,Entovirus,2,1,0.6931471805599453,0.0,1,0.6931471805599453
149,Mivirus,Mivirus,25,9,3.2188758248682006,2.1972245773362196,16,1.021651247531981
150,Lispiviridae,Lispiviridae,62,6,4.127134385045092,1.791759469228055,56,2.3353749158170367
151,Anphevirus,Anphevirus,11,2,2.3978952727983707,0.6931471805599453,9,1.7047480922384253
152,Sclerotimonavirus,Sclerotimonavirus,13,2,2.5649493574615367,0.6931471805599453,11,1.8718021769015913
153,Peropuvirus,Peropuvirus,2,6,0.6931471805599453,1.791759469228055,-4,-1.0986122886681096
154,Marburgvirus,Marburgvirus,9,1,2.1972245773362196,0.0,8,2.1972245773362196
155,Ebolavirus,Ebolavirus,79,6,4.3694478524670215,1.791759469228055,73,2.5776883832389665
156,Metapneumovirus,Metapneumovirus,22,2,3.091042453358316,0.6931471805599453,20,2.3978952727983707
157,Orthopneumovirus,Orthopneumovirus,87,5,4.465908118654584,1.6094379124341003,82,2.856470206220483
158,Carbovirus,Carbovirus,2,2,0.6931471805599453,0.6931471805599453,0,0.0
159,Orthobornavirus,Orthobornavirus,34,15,3.5263605246161616,2.70805020110221,19,0.8183103235139515
160,Nyavirus,Nyavirus,5,3,1.6094379124341003,1.0986122886681098,2,0.5108256237659905
161,Orinovirus,Orinovirus,27,1,3.295836866004329,0.0,26,3.295836866004329
162,Orthoavulavirus,Orthoavulavirus,122,8,4.804021044733257,2.0794415416798357,114,2.724579503053421
163,Orthorubulavirus,Orthorubulavirus,85,9,4.442651256490317,2.1972245773362196,76,2.245426679154097
164,Respirovirus,Respirovirus,71,7,4.2626798770413155,1.9459101490553132,64,2.316769727986002
165,Morbillivirus,Morbillivirus,100,7,4.605170185988092,1.9459101490553132,93,2.6592600369327783
166,Henipavirus,Henipavirus,7,5,1.9459101490553132,1.6094379124341003,2,0.33647223662121295
167,Metaavulavirus,Metaavulavirus,25,10,3.2188758248682006,2.302585092994046,15,0.9162907318741547
168,Jeilongvirus,Jeilongvirus,5,6,1.6094379124341003,1.791759469228055,-1,-0.18232155679395468
169,Ferlavirus,Ferlavirus,5,1,1.6094379124341003,0.0,4,1.6094379124341003
170,Paraavulavirus,Paraavulavirus,10,2,2.302585092994046,0.6931471805599453,8,1.6094379124341005
171,Pararubulavirus,Pararubulavirus,12,10,2.4849066497880004,2.302585092994046,2,0.18232155679395445
172,Aquaparamyxovirus,Aquaparamyxovirus,2,1,0.6931471805599453,0.0,1,0.6931471805599453
173,Narmovirus,Narmovirus,2,4,0.6931471805599453,1.3862943611198906,-2,-0.6931471805599453
174,Hoplichthysvirus,Hoplichthysvirus,1,3,0.0,1.0986122886681098,-2,-1.0986122886681098
175,Lyssavirus,Lyssavirus,161,18,5.081404364984462,2.8903717578961645,143,2.1910326070882977
176,Novirhabdovirus,Novirhabdovirus,33,4,3.4965075614664802,1.3862943611198906,29,2.11021320034659
177,Vesiculovirus,Vesiculovirus,65,16,4.174387269895637,2.772588722239781,49,1.4017985476558557
178,Sigmavirus,Sigmavirus,12,15,2.4849066497880004,2.70805020110221,-3,-0.2231435513142097
179,Nucleorhabdovirus,Nucleorhabdovirus,60,3,4.0943445622221,1.0986122886681098,57,2.9957322735539904
180,Ledantevirus,Ledantevirus,26,16,3.258096538021482,2.772588722239781,10,0.485507815781701
181,Cytorhabdovirus,Cytorhabdovirus,111,19,4.709530201312334,2.9444389791664403,92,1.7650912221458936
182,Sprivivirus,Sprivivirus,22,4,3.091042453358316,1.3862943611198906,18,1.7047480922384255
183,Hapavirus,Hapavirus,18,16,2.8903717578961645,2.772588722239781,2,0.11778303565638337
184,Perhabdovirus,Perhabdovirus,9,3,2.1972245773362196,1.0986122886681098,6,1.0986122886681098
185,Dichorhavirus,Dichorhavirus,11,5,2.3978952727983707,1.6094379124341003,6,0.7884573603642704
186,Ephemerovirus,Ephemerovirus,15,9,2.70805020110221,2.1972245773362196,6,0.5108256237659905
187,Ohlsrhavirus,Ohlsrhavirus,19,4,2.9444389791664403,1.3862943611198906,15,1.5581446180465497
188,Alphanucleorhabdovirus,Alphanucleorhabdovirus,2,9,0.6931471805599453,2.1972245773362196,-7,-1.5040773967762742
189,Tibrovirus,Tibrovirus,8,7,2.0794415416798357,1.9459101490553132,1,0.13353139262452252
190,Barhavirus,Barhavirus,4,2,1.3862943611198906,0.6931471805599453,2,0.6931471805599453
191,Sripuvirus,Sripuvirus,13,6,2.5649493574615367,1.791759469228055,7,0.7731898882334818
192,Tupavirus,Tupavirus,7,3,1.9459101490553132,1.0986122886681098,4,0.8472978603872034
193,Varicosavirus,Varicosavirus,16,2,2.772588722239781,0.6931471805599453,14,2.0794415416798357
194,Curiovirus,Curiovirus,4,4,1.3862943611198906,1.3862943611198906,0,0.0
195,Sawgrhavirus,Sawgrhavirus,4,3,1.3862943611198906,1.0986122886681098,1,0.2876820724517808
196,Almendravirus,Almendravirus,15,6,2.70805020110221,1.791759469228055,9,0.9162907318741551
197,Sunrhavirus,Sunrhavirus,5,6,1.6094379124341003,1.791759469228055,-1,-0.18232155679395468
198,Alphanemrhavirus,Alphanemrhavirus,2,2,0.6931471805599453,0.6931471805599453,0,0.0
199,Caligrhavirus,Caligrhavirus,9,3,2.1972245773362196,1.0986122886681098,6,1.0986122886681098
200,Picobirnavirus,Picobirnavirus,3886,7,8.265135629937387,1.9459101490553132,3879,6.319225480882073
201,Hypovirus,Hypovirus,48,4,3.871201010907891,1.3862943611198906,44,2.484906649788001
202,Zybavirus,Zybavirus,2,1,0.6931471805599453,0.0,1,0.6931471805599453
203,Amalgavirus,Amalgavirus,36,7,3.58351893845611,1.9459101490553132,29,1.6376087894007967
204,Gammapartitivirus,Gammapartitivirus,116,9,4.7535901911063645,2.1972245773362196,107,2.556365613770145
205,Betapartitivirus,Betapartitivirus,310,20,5.736572297479191,2.995732273553991,290,2.7408400239252004
206,Cryspovirus,Cryspovirus,19,1,2.9444389791664403,0.0,18,2.9444389791664403
207,Deltapartitivirus,Deltapartitivirus,155,5,5.043425116919247,1.6094379124341003,150,3.4339872044851463
208,Alphapartitivirus,Alphapartitivirus,254,16,5.537334267018537,2.772588722239781,238,2.7647455447787554
209,Mamastrovirus,Mamastrovirus,1006,37,6.913737350659685,3.6109179126442243,969,3.3028194380154603
210,Avastrovirus,Avastrovirus,235,5,5.459585514144159,1.6094379124341003,230,3.8501476017100584
211,Potyvirus,Potyvirus,2128,180,7.662937850461535,5.19295685089021,1948,2.469980999571325
212,Bymovirus,Bymovirus,49,6,3.8918202981106265,1.791759469228055,43,2.1000608288825715
213,Poacevirus,Poacevirus,31,3,3.4339872044851463,1.0986122886681098,28,2.3353749158170363
214,Tritimovirus,Tritimovirus,39,6,3.6635616461296463,1.791759469228055,33,1.8718021769015913
215,Ipomovirus,Ipomovirus,58,7,4.060443010546419,1.9459101490553132,51,2.1145328614911056
216,Macluravirus,Macluravirus,94,10,4.543294782270004,2.302585092994046,84,2.240709689275958
217,Rymovirus,Rymovirus,24,3,3.1780538303479458,1.0986122886681098,21,2.079441541679836
218,Arepavirus,Arepavirus,6,2,1.791759469228055,0.6931471805599453,4,1.0986122886681096
219,Roymovirus,Roymovirus,2,2,0.6931471805599453,0.6931471805599453,0,0.0
220,Barnavirus,Barnavirus,8,1,2.0794415416798357,0.0,7,2.0794415416798357
221,Polemovirus,Polemovirus,4,1,1.3862943611198906,0.0,3,1.3862943611198906
222,Sobemovirus,Sobemovirus,233,20,5.4510384535657,2.995732273553991,213,2.4553061800117093
223,Euroniviridae,Euroniviridae,4,3,1.3862943611198906,1.0986122886681098,1,0.2876820724517808
224,Alphamesonivirus,Alphamesonivirus,34,12,3.5263605246161616,2.4849066497880004,22,1.0414538748281612
225,Okavirus,Okavirus,10,2,2.302585092994046,0.6931471805599453,8,1.6094379124341005
226,Sajorinivirus,Sajorinivirus,3,1,1.0986122886681098,0.0,2,1.0986122886681098
227,Oncotshavirus,Oncotshavirus,3,1,1.0986122886681098,0.0,2,1.0986122886681098
228,Pregotovirus,Pregotovirus,3,4,1.0986122886681098,1.3862943611198906,-1,-0.2876820724517808
229,Torovirus,Torovirus,25,7,3.2188758248682006,1.9459101490553132,18,1.2729656758128873
230,Betacoronavirus,Betacoronavirus,567,19,6.340359303727752,2.9444389791664403,548,3.3959203245613114
231,Alphacoronavirus,Alphacoronavirus,219,24,5.389071729816501,3.1780538303479458,195,2.211017899468555
232,Deltacoronavirus,Deltacoronavirus,40,10,3.6888794541139363,2.302585092994046,30,1.3862943611198904
233,Gammacoronavirus,Gammacoronavirus,128,5,4.852030263919617,1.6094379124341003,123,3.2425923514855164
234,Alphaarterivirus,Alphaarterivirus,12,1,2.4849066497880004,0.0,11,2.4849066497880004
235,Deltaarterivirus,Deltaarterivirus,11,1,2.3978952727983707,0.0,10,2.3978952727983707
236,Etaarterivirus,Etaarterivirus,13,1,2.5649493574615367,0.0,12,2.5649493574615367
237,Epsilonarterivirus,Epsilonarterivirus,21,3,3.044522437723423,1.0986122886681098,18,1.9459101490553132
238,Betaarterivirus,Betaarterivirus,1,3,0.0,1.0986122886681098,-2,-1.0986122886681098
239,Thetaarterivirus,Thetaarterivirus,10,2,2.302585092994046,0.6931471805599453,8,1.6094379124341005
240,Gammaarterivirus,Gammaarterivirus,17,1,2.833213344056216,0.0,16,2.833213344056216
241,Iotaarterivirus,Iotaarterivirus,2,3,0.6931471805599453,1.0986122886681098,-1,-0.4054651081081645
242,Kappaarterivirus,Kappaarterivirus,8,1,2.0794415416798357,0.0,7,2.0794415416798357
243,Husavirus,Husavirus,24,2,3.1780538303479458,0.6931471805599453,22,2.4849066497880004
244,Posavirus,Posavirus,40,3,3.6888794541139363,1.0986122886681098,37,2.5902671654458267
245,Iflavirus,Iflavirus,433,25,6.070737728002491,3.2188758248682006,408,2.85186190313429
246,Sopolycivirus,Sopolycivirus,20,6,2.995732273553991,1.791759469228055,14,1.203972804325936
247,Nyfulvavirus,Nyfulvavirus,9,1,2.1972245773362196,0.0,8,2.1972245773362196
248,Invictavirus,Invictavirus,10,1,2.302585092994046,0.0,9,2.302585092994046
249,Bacillarnavirus,Bacillarnavirus,7,3,1.9459101490553132,1.0986122886681098,4,0.8472978603872034
250,Marnavirus,Marnavirus,84,1,4.430816798843313,0.0,83,4.430816798843313
251,Aparavirus,Aparavirus,135,6,4.90527477843843,1.791759469228055,129,3.1135153092103747
252,Triatovirus,Triatovirus,74,5,4.30406509320417,1.6094379124341003,69,2.6946271807700697
253,Cripavirus,Cripavirus,412,7,6.021023349349527,1.9459101490553132,405,4.075113200294213
254,Norovirus,Norovirus,626,14,6.439350371100098,2.6390573296152584,612,3.80029304148484
255,Lagovirus,Lagovirus,48,3,3.871201010907891,1.0986122886681098,45,2.7725887222397816
256,Sapovirus,Sapovirus,247,7,5.509388336627977,1.9459101490553132,240,3.563478187572663
257,Vesivirus,Vesivirus,76,10,4.330733340286331,2.302585092994046,66,2.028148247292285
258,Bavovirus,Bavovirus,10,1,2.302585092994046,0.0,9,2.302585092994046
259,Nebovirus,Nebovirus,10,3,2.302585092994046,1.0986122886681098,7,1.2039728043259361
260,Recovirus,Recovirus,6,1,1.791759469228055,0.0,5,1.791759469228055
261,Salovirus,Salovirus,13,1,2.5649493574615367,0.0,12,2.5649493574615367
262,Torradovirus,Torradovirus,40,8,3.6888794541139363,2.0794415416798357,32,1.6094379124341005
263,Nepovirus,Nepovirus,466,31,6.144185634125646,3.4339872044851463,435,2.7101984296404993
264,Fabavirus,Fabavirus,328,7,5.793013608384144,1.9459101490553132,321,3.8471034593288307
265,Sadwavirus,Sadwavirus,14,5,2.6390573296152584,1.6094379124341003,9,1.0296194171811581
266,Comovirus,Comovirus,136,11,4.912654885736052,2.3978952727983707,125,2.5147596129376817
267,Waikavirus,Waikavirus,59,4,4.07753744390572,1.3862943611198906,55,2.691243082785829
268,Cheravirus,Cheravirus,35,5,3.5553480614894135,1.6094379124341003,30,1.9459101490553132
269,Sequivirus,Sequivirus,3,3,1.0986122886681098,1.0986122886681098,0,0.0
270,Enterovirus,Enterovirus,1906,29,7.552762084214147,3.367295829986474,1877,4.1854662542276735
271,Aphthovirus,Aphthovirus,216,5,5.375278407684165,1.6094379124341003,211,3.765840495250065
272,Parechovirus,Parechovirus,125,5,4.8283137373023015,1.6094379124341003,120,3.218875824868201
273,Senecavirus,Senecavirus,35,1,3.5553480614894135,0.0,34,3.5553480614894135
274,Teschovirus,Teschovirus,46,1,3.828641396489095,0.0,45,3.828641396489095
275,Hepatovirus,Hepatovirus,49,11,3.8918202981106265,2.3978952727983707,38,1.4939250253122558
276,Kobuvirus,Kobuvirus,242,12,5.488937726156687,2.4849066497880004,230,3.0040310763686864
277,Avihepatovirus,Avihepatovirus,32,1,3.4657359027997265,0.0,31,3.4657359027997265
278,Salivirus,Salivirus,16,3,2.772588722239781,1.0986122886681098,13,1.6739764335716714
279,Sapelovirus,Sapelovirus,64,4,4.1588830833596715,1.3862943611198906,60,2.7725887222397807
280,Cardiovirus,Cardiovirus,113,5,4.727387818712341,1.6094379124341003,108,3.1179499062782403
281,Limnipivirus,Limnipivirus,3,3,1.0986122886681098,1.0986122886681098,0,0.0
282,Megrivirus,Megrivirus,60,9,4.0943445622221,2.1972245773362196,51,1.8971199848858809
283,Tremovirus,Tremovirus,11,2,2.3978952727983707,0.6931471805599453,9,1.7047480922384253
284,Shanbavirus,Shanbavirus,54,2,3.9889840465642745,0.6931471805599453,52,3.295836866004329
285,Cosavirus,Cosavirus,38,7,3.6375861597263857,1.9459101490553132,31,1.6916760106710724
286,Sicinivirus,Sicinivirus,51,2,3.9318256327243257,0.6931471805599453,49,3.2386784521643803
287,Gallivirus,Gallivirus,9,2,2.1972245773362196,0.6931471805599453,7,1.5040773967762742
288,Erbovirus,Erbovirus,4,1,1.3862943611198906,0.0,3,1.3862943611198906
289,Dicipivirus,Dicipivirus,4,2,1.3862943611198906,0.6931471805599453,2,0.6931471805599453
290,Passerivirus,Passerivirus,21,2,3.044522437723423,0.6931471805599453,19,2.3513752571634776
291,Avisivirus,Avisivirus,7,4,1.9459101490553132,1.3862943611198906,3,0.5596157879354227
292,Hunnivirus,Hunnivirus,41,2,3.713572066704308,0.6931471805599453,39,3.0204248861443626
293,Rosavirus,Rosavirus,30,4,3.4011973816621555,1.3862943611198906,26,2.014903020542265
294,Bopivirus,Bopivirus,6,1,1.791759469228055,0.0,5,1.791759469228055
295,Mischivirus,Mischivirus,4,4,1.3862943611198906,1.3862943611198906,0,0.0
296,Rabovirus,Rabovirus,8,2,2.0794415416798357,0.6931471805599453,6,1.3862943611198904
297,Poecivirus,Poecivirus,2,1,0.6931471805599453,0.0,1,0.6931471805599453
298,Livupivirus,Livupivirus,2,1,0.6931471805599453,0.0,1,0.6931471805599453
299,Mosavirus,Mosavirus,2,2,0.6931471805599453,0.6931471805599453,0,0.0
300,Torchivirus,Torchivirus,7,1,1.9459101490553132,0.0,6,1.9459101490553132
301,Pasivirus,Pasivirus,152,1,5.0238805208462765,0.0,151,5.0238805208462765
302,Oscivirus,Oscivirus,13,2,2.5649493574615367,0.6931471805599453,11,1.8718021769015913
303,Harkavirus,Harkavirus,2,1,0.6931471805599453,0.0,1,0.6931471805599453
304,Aalivirus,Aalivirus,3,1,1.0986122886681098,0.0,2,1.0986122886681098
305,Potamipivirus,Potamipivirus,1,1,0.0,0.0,0,0.0
