{
	"n_targets": 38,
	"n_bootstraps": 0,
	"n_processed": 676,
	"n_pseudoaligned": 637,
	"n_unique": 637,
	"p_pseudoaligned": 94.2,
	"p_unique": 94.2,
	"kallisto_version": "0.50.1",
	"index_version": 13,
	"start_time": "Fri Dec  8 17:38:10 2023",
	"call": "/content/kallisto/build/src/kallisto bus -i /content/LSCHWCP_2023/Notebooks/ebola_ref/ebov_GCA_000848505.idx -o kallisto_alignment/standard/6_ebov_snp_02_ms -x bulk -t 20 /content/LSCHWCP_2023/Notebooks/Figure_2/Figure_2c/mutated_files/6_ebov_snp_02_ms.fa"
}
