count,virus
5374210.0,u172514
4301784.0,u226460
752771.0,u237705
456424.0,u202260
359783.0,u223701
275183.0,u181379
220915.0,u284609
162212.0,u135858
161055.0,u207044
127623.0,u250987
112795.0,u190817
100518.0,u143081
85334.0,u287667
57752.0,u252917
26107.0,u195076
9135.0,u294390
7283.0,u39566
4609.0,u32989
3617.0,u27694
3270.0,u269097
3216.0,u251859
2828.0,u32772
2821.0,u248640
2262.0,u294699
2145.0,u60922
2144.0,u295911
2055.0,u83279
1960.0,u34100
1797.0,u37761
1790.0,u33987
1526.0,u41137
1268.0,u78298
1201.0,u158686
1195.0,u34420
986.0,u140229
948.0,u43867
875.0,u177772
874.0,u34860
869.0,u293584
844.0,u41991
768.0,u70243
761.0,u296539
757.0,u73971
730.0,u191251
713.0,u245086
702.0,u42013
660.0,u32714
624.0,u136760
579.0,u268521
573.0,u49571
563.0,u92045
558.0,u87163
530.0,u133063
524.0,u31759
501.0,u119316
491.0,u197984
479.0,u196048
478.0,u59165
477.0,u105390
467.0,u86008
445.0,u61517
442.0,u296573
432.0,u216650
415.0,u147775
380.0,u292978
374.0,u113020
370.0,u227300
367.0,u124774
362.0,u30703
358.0,u149457
356.0,u70893
343.0,u38850
337.0,u51827
331.0,u123778
330.0,u239823
313.0,u202105
298.0,u45667
297.0,u41466
292.0,u38246
288.0,u164939
287.0,u151062
286.0,u200829
285.0,u104039
282.0,u180761
282.0,u107942
271.0,u150620
268.0,u89180
260.0,u164348
260.0,u12691
258.0,u41660
251.0,u60687
245.0,u43106
243.0,u219980
240.0,u35459
238.0,u108293
233.0,u226560
232.0,u270445
231.0,u106753
230.0,u256052
227.0,u171029
227.0,u36711
225.0,u39408
224.0,u149303
218.0,u174520
218.0,u77483
217.0,u32319
217.0,u33057
214.0,u45441
213.0,u97865
211.0,u193814
210.0,u102741
208.0,u45200
208.0,u275037
200.0,u154878
192.0,u130337
191.0,u115257
189.0,u103590
188.0,u274531
186.0,u264129
185.0,u43925
184.0,u253309
182.0,u42089
182.0,u46190
181.0,u240067
180.0,u196966
178.0,u33792
175.0,u32664
174.0,u38229
172.0,u211131
172.0,u45314
172.0,u294224
165.0,u114404
164.0,u234397
164.0,u150323
162.0,u294563
162.0,u290417
158.0,u30588
157.0,u200662
150.0,u72179
148.0,u146381
143.0,u42888
142.0,u18744
141.0,u266441
134.0,u77750
134.0,u33967
134.0,u146877
132.0,u266669
129.0,u66955
127.0,u239466
127.0,u165336
127.0,u39695
126.0,u294128
125.0,u156968
125.0,u140722
124.0,u39683
124.0,u157656
123.0,u213734
123.0,u224792
121.0,u79506
121.0,u293340
119.0,u276061
119.0,u260099
118.0,u231282
118.0,u35686
118.0,u55972
117.0,u27829
116.0,u79107
115.0,u290872
112.0,u33051
111.0,u225915
111.0,u249978
110.0,u78166
108.0,u33638
106.0,u41201
105.0,u285301
105.0,u125542
105.0,u32295
104.0,u290329
104.0,u65363
104.0,u256154
103.0,u250870
103.0,u103543
101.0,u193369
101.0,u142791
100.0,u72963
100.0,u70096
98.0,u219757
97.0,u42915
97.0,u34513
97.0,u96430
96.0,u73724
95.0,u39662
94.0,u124117
93.0,u133189
93.0,u293400
92.0,u117111
91.0,u32315
91.0,u173499
90.0,u288823
88.0,u39800
88.0,u274470
88.0,u272504
87.0,u274561
86.0,u38206
85.0,u186746
85.0,u207219
84.0,u33727
84.0,u181449
84.0,u287866
83.0,u229515
83.0,u43807
83.0,u276050
83.0,u32299
83.0,u247804
82.0,u216749
82.0,u77400
81.0,u116920
81.0,u41671
81.0,u37811
80.0,u223659
79.0,u21782
79.0,u164177
79.0,u34786
76.0,u42082
76.0,u279700
74.0,u66427
74.0,u175416
73.0,u148141
73.0,u104531
73.0,u202758
71.0,u32634
71.0,u220261
71.0,u213159
70.0,u38844
70.0,u84626
70.0,u183739
70.0,u224424
70.0,u77236
69.0,u112558
69.0,u139106
68.0,u208067
68.0,u157626
68.0,u145464
67.0,u221128
67.0,u45523
67.0,u45173
66.0,u37975
65.0,u172762
64.0,u91419
64.0,u100969
64.0,u219483
63.0,u181137
63.0,u183359
63.0,u39926
62.0,u248647
61.0,u66507
61.0,u68911
61.0,u281135
60.0,u223936
60.0,u43120
60.0,u221639
60.0,u177814
59.0,u268080
59.0,u126786
59.0,u285400
59.0,u240662
59.0,u229917
59.0,u271546
58.0,u124164
58.0,u33636
57.0,u176650
57.0,u170251
57.0,u179886
57.0,u153241
56.0,u41896
55.0,u34182
55.0,u32940
55.0,u106603
54.0,u157983
54.0,u13245
54.0,u30604
54.0,u181764
53.0,u33649
52.0,u51271
51.0,u41184
50.0,u253150
50.0,u242944
49.0,u211455
48.0,u176808
48.0,u91810
48.0,u224574
47.0,u126423
47.0,u289662
47.0,u159545
46.0,u34136
46.0,u294534
46.0,u290214
45.0,u39618
45.0,u95543
45.0,u125182
45.0,u37815
45.0,u34492
45.0,u243713
45.0,u111785
44.0,u278642
44.0,u295327
44.0,u33011
44.0,u39438
44.0,u133506
44.0,u127962
44.0,u209215
43.0,u80908
43.0,u245120
43.0,u128604
43.0,u44352
43.0,u41713
43.0,u109479
42.0,u33017
42.0,u279277
42.0,u188570
41.0,u34441
41.0,u33002
41.0,u49577
41.0,u189017
41.0,u293422
41.0,u184175
41.0,u274966
40.0,u233627
40.0,u196988
40.0,u201212
40.0,u23278
40.0,u39684
40.0,u139007
40.0,u38271
40.0,u97092
40.0,u95975
40.0,u107877
39.0,u33865
39.0,u66891
39.0,u119738
39.0,u61269
39.0,u266836
38.0,u52371
38.0,u75424
38.0,u42867
37.0,u44658
37.0,u260222
36.0,u232198
36.0,u263275
36.0,u88186
36.0,u141229
36.0,u139160
35.0,u270855
35.0,u142084
35.0,u39472
35.0,u93326
35.0,u107522
34.0,u254948
34.0,u200107
34.0,u260035
34.0,u43981
34.0,u69615
34.0,u123256
34.0,u34197
33.0,u71049
33.0,u34111
33.0,u224743
33.0,u224241
32.0,u228130
32.0,u45804
32.0,u32922
32.0,u73945
32.0,u292481
32.0,u120097
32.0,u236056
32.0,u212650
31.0,u261818
31.0,u151908
31.0,u44021
31.0,u271357
31.0,u211720
31.0,u33947
30.0,u105974
30.0,u149269
30.0,u238915
30.0,u190308
30.0,u137108
30.0,u225177
30.0,u42844
30.0,u111761
30.0,u166236
30.0,u34329
30.0,u264797
30.0,u144897
30.0,u145335
30.0,u170677
29.0,u30535
29.0,u229323
29.0,u208515
29.0,u148287
29.0,u74756
29.0,u294234
28.0,u80702
28.0,u106379
28.0,u290013
28.0,u34163
28.0,u129708
28.0,u192702
28.0,u141757
28.0,u45292
28.0,u41102
28.0,u171627
28.0,u113337
28.0,u209339
28.0,u182457
28.0,u294093
27.0,u90606
27.0,u28118
27.0,u39495
27.0,u179318
27.0,u256702
27.0,u251254
27.0,u189484
27.0,u245257
27.0,u33767
27.0,u265336
27.0,u294461
26.0,u139296
26.0,u39645
26.0,u45195
26.0,u215965
26.0,u64629
26.0,u229455
26.0,u44346
26.0,u205912
26.0,u61374
26.0,u148666
25.0,u45938
25.0,u73499
25.0,u45295
25.0,u237405
25.0,u40984
25.0,u156228
25.0,u112302
25.0,u97504
25.0,u192732
24.0,u212083
24.0,u37882
24.0,u177835
24.0,u260785
24.0,u261109
24.0,u9874
24.0,u120413
24.0,u32534
24.0,u194959
24.0,u67263
24.0,u104017
24.0,u178583
23.0,u17650
23.0,u197681
23.0,u38227
23.0,u155795
23.0,u212772
23.0,u77715
23.0,u124976
23.0,u293613
23.0,u26667
23.0,u201882
22.0,u58536
22.0,u96411
22.0,u270484
22.0,u296045
22.0,u289556
22.0,u160822
22.0,u221988
22.0,u131518
22.0,u230556
22.0,u129075
22.0,u91947
22.0,u33726
22.0,u29006
21.0,u216365
21.0,u232039
21.0,u37584
21.0,u48234
21.0,u254463
21.0,u137606
21.0,u46509
21.0,u104458
21.0,u183569
21.0,u32910
21.0,u272830
20.0,u82873
20.0,u118129
20.0,u175237
20.0,u151472
20.0,u287491
20.0,u176249
20.0,u241611
20.0,u34069
20.0,u148545
20.0,u35628
20.0,u287767
20.0,u30678
20.0,u293793
20.0,u250913
20.0,u41117
20.0,u185515
20.0,u232348
20.0,u183476
20.0,u276623
20.0,u157331
20.0,u34470
20.0,u84062
20.0,u38838
19.0,u267746
19.0,u169715
19.0,u34866
19.0,u187985
19.0,u193338
19.0,u30548
19.0,u139426
19.0,u98871
19.0,u137238
19.0,u93975
19.0,u144031
19.0,u132599
19.0,u34070
19.0,u139411
19.0,u126013
19.0,u37827
18.0,u288279
18.0,u43064
18.0,u42891
18.0,u152695
18.0,u45752
18.0,u280930
18.0,u35449
18.0,u147885
18.0,u256777
18.0,u255417
18.0,u283734
18.0,u257707
18.0,u218312
18.0,u258668
18.0,u30699
17.0,u281136
17.0,u41491
17.0,u43800
17.0,u41535
17.0,u33086
17.0,u208430
17.0,u34503
17.0,u42846
17.0,u95235
17.0,u178866
17.0,u267605
17.0,u111101
17.0,u62168
16.0,u119234
16.0,u114622
16.0,u294113
16.0,u37870
16.0,u131800
16.0,u34490
16.0,u283565
16.0,u200530
16.0,u231452
16.0,u173283
16.0,u268557
16.0,u178314
16.0,u272168
16.0,u272712
16.0,u255364
16.0,u80843
16.0,u32924
16.0,u279200
16.0,u32933
16.0,u32974
16.0,u279271
16.0,u284692
16.0,u42438
16.0,u150847
15.0,u133968
15.0,u56516
15.0,u53683
15.0,u59342
15.0,u94997
15.0,u45273
15.0,u3280
15.0,u267028
15.0,u218745
15.0,u41541
15.0,u168754
15.0,u275351
15.0,u32290
15.0,u278636
15.0,u244308
15.0,u186739
15.0,u17123
15.0,u162194
15.0,u215208
15.0,u289565
15.0,u35487
15.0,u254383
15.0,u223107
15.0,u262243
15.0,u238550
15.0,u36267
15.0,u233147
14.0,u119615
14.0,u66789
14.0,u130909
14.0,u293029
14.0,u199198
14.0,u42014
14.0,u154920
14.0,u57546
14.0,u146164
14.0,u110102
14.0,u41709
14.0,u210079
14.0,u135132
14.0,u183412
14.0,u210854
14.0,u210303
14.0,u77700
14.0,u129220
14.0,u148991
14.0,u67825
14.0,u124669
14.0,u94724
14.0,u220582
14.0,u159260
14.0,u148600
14.0,u42878
14.0,u128334
13.0,u45661
13.0,u38364
13.0,u256824
13.0,u194578
13.0,u267420
13.0,u62203
13.0,u204571
13.0,u39558
13.0,u282483
13.0,u244253
13.0,u71250
13.0,u73273
13.0,u43960
13.0,u216146
13.0,u149824
13.0,u242587
13.0,u39126
13.0,u230975
13.0,u41836
13.0,u246208
13.0,u41526
12.0,u34289
12.0,u250201
12.0,u135550
12.0,u38280
12.0,u33630
12.0,u135542
12.0,u240042
12.0,u59071
12.0,u35629
12.0,u61965
12.0,u58924
12.0,u186644
12.0,u277877
12.0,u165653
12.0,u42871
12.0,u225763
12.0,u270711
12.0,u283558
12.0,u86009
12.0,u291626
12.0,u161904
12.0,u185558
12.0,u155838
12.0,u141549
12.0,u89109
12.0,u42050
12.0,u115434
12.0,u195190
12.0,u110101
12.0,u199889
11.0,u215406
11.0,u44052
11.0,u34443
11.0,u218779
11.0,u103418
11.0,u200210
11.0,u292605
11.0,u159932
11.0,u219057
11.0,u230902
11.0,u104508
11.0,u233403
11.0,u73388
11.0,u36248
11.0,u34145
11.0,u73114
11.0,u71343
11.0,u120581
11.0,u284954
11.0,u98565
11.0,u215078
11.0,u165569
11.0,u222861
11.0,u94734
11.0,u266921
11.0,u256833
11.0,u256625
11.0,u269351
11.0,u54462
11.0,u270207
11.0,u55411
11.0,u224178
11.0,u209892
11.0,u271868
11.0,u107527
11.0,u130595
11.0,u67243
11.0,u98279
11.0,u264291
11.0,u32995
11.0,u279673
11.0,u89294
10.0,u234456
10.0,u258275
10.0,u106291
10.0,u86608
10.0,u292828
10.0,u11036
10.0,u290441
10.0,u281120
10.0,u82512
10.0,u66624
10.0,u273806
10.0,u22605
10.0,u24821
10.0,u89303
10.0,u238875
10.0,u90916
10.0,u265579
10.0,u227684
10.0,u62316
10.0,u96913
10.0,u98124
10.0,u104313
10.0,u239930
10.0,u33690
10.0,u229228
10.0,u43799
10.0,u116602
10.0,u148158
10.0,u222425
10.0,u166670
10.0,u145788
10.0,u205096
10.0,u176063
10.0,u219028
10.0,u41495
10.0,u143265
10.0,u185826
10.0,u129582
10.0,u187461
10.0,u191642
10.0,u138017
10.0,u130318
10.0,u39074
10.0,u37806
10.0,u133517
10.0,u202624
10.0,u133713
10.0,u166278
10.0,u221643
10.0,u205264
10.0,u114667
10.0,u42390
10.0,u161089
10.0,u158437
10.0,u114960
10.0,u226065
10.0,u150388
10.0,u149876
10.0,u156134
10.0,u155478
10.0,u119760
10.0,u226131
10.0,u44150
9.0,u45759
9.0,u113413
9.0,u137290
9.0,u203918
9.0,u266879
9.0,u198172
9.0,u39336
9.0,u74211
9.0,u67666
9.0,u87710
9.0,u173305
9.0,u44108
9.0,u79358
9.0,u276376
9.0,u147640
9.0,u168085
9.0,u42105
9.0,u281978
9.0,u44023
9.0,u40448
9.0,u285779
9.0,u271152
9.0,u270758
9.0,u144888
9.0,u178302
9.0,u289320
9.0,u86307
9.0,u86915
9.0,u35407
9.0,u260300
9.0,u98688
9.0,u243983
9.0,u33058
9.0,u103355
9.0,u50962
9.0,u241539
9.0,u240892
9.0,u215290
9.0,u103891
9.0,u36829
9.0,u104487
9.0,u221649
9.0,u34226
9.0,u236001
9.0,u118480
9.0,u223778
9.0,u99684
9.0,u119815
9.0,u211622
9.0,u225780
9.0,u37722
9.0,u206971
9.0,u253785
9.0,u209001
9.0,u244611
8.0,u159257
8.0,u228780
8.0,u286443
8.0,u108438
8.0,u232182
8.0,u295007
8.0,u149583
8.0,u162632
8.0,u232191
8.0,u228592
8.0,u294501
8.0,u117564
8.0,u288570
8.0,u115973
8.0,u293863
8.0,u161424
8.0,u157134
8.0,u109854
8.0,u154842
8.0,u224681
8.0,u153750
8.0,u157732
8.0,u223080
8.0,u117082
8.0,u290897
8.0,u205099
8.0,u233761
8.0,u165577
8.0,u135327
8.0,u251088
8.0,u201995
8.0,u201287
8.0,u249700
8.0,u210266
8.0,u265469
8.0,u200354
8.0,u90833
8.0,u90513
8.0,u214448
8.0,u188342
8.0,u184032
8.0,u129079
8.0,u183427
8.0,u85971
8.0,u84541
8.0,u240058
8.0,u216878
8.0,u123563
8.0,u95891
8.0,u82030
8.0,u123342
8.0,u236613
8.0,u123000
8.0,u222660
8.0,u279250
8.0,u167134
8.0,u296608
8.0,u35675
8.0,u42240
8.0,u58915
8.0,u30676
8.0,u37902
8.0,u40650
8.0,u34084
8.0,u32932
8.0,u42349
8.0,u40964
8.0,u14390
8.0,u64912
8.0,u54564
8.0,u49572
8.0,u42015
8.0,u52416
8.0,u51302
8.0,u51180
8.0,u45609
8.0,u41912
8.0,u44233
8.0,u39146
8.0,u44010
8.0,u44015
8.0,u32207
8.0,u39122
8.0,u35528
7.0,u235402
7.0,u235549
7.0,u114972
7.0,u65935
7.0,u205625
7.0,u114331
7.0,u225073
7.0,u183278
7.0,u225529
7.0,u116213
7.0,u224725
7.0,u184277
7.0,u33785
7.0,u35586
7.0,u87806
7.0,u33588
7.0,u173649
7.0,u65085
7.0,u224638
7.0,u267608
7.0,u224512
7.0,u124185
7.0,u242393
7.0,u220881
7.0,u20573
7.0,u276575
7.0,u276350
7.0,u102978
7.0,u84517
7.0,u92701
7.0,u223524
7.0,u64005
7.0,u223270
7.0,u195165
7.0,u39441
7.0,u99959
7.0,u193175
7.0,u101513
7.0,u191704
7.0,u281903
7.0,u190145
7.0,u199975
7.0,u104501
7.0,u189087
7.0,u104880
7.0,u105169
7.0,u265665
7.0,u39705
7.0,u201837
7.0,u292465
7.0,u107713
7.0,u108449
7.0,u108675
7.0,u37864
7.0,u39659
7.0,u186256
7.0,u211778
7.0,u294765
7.0,u161322
7.0,u134717
7.0,u42854
7.0,u160633
7.0,u261470
7.0,u213727
7.0,u42919
7.0,u137533
7.0,u30685
7.0,u140583
7.0,u257949
7.0,u141829
7.0,u32747
7.0,u43839
7.0,u144278
7.0,u144796
7.0,u45164
7.0,u32743
7.0,u250654
7.0,u254591
7.0,u216652
7.0,u245035
7.0,u237574
7.0,u243698
7.0,u167058
7.0,u244573
7.0,u129406
7.0,u129893
7.0,u130038
6.0,u241479
6.0,u199915
6.0,u256421
6.0,u92335
6.0,u35404
6.0,u129256
6.0,u198468
6.0,u94023
6.0,u144331
6.0,u34890
6.0,u62289
6.0,u145304
6.0,u96782
6.0,u97257
6.0,u256621
6.0,u283609
6.0,u99507
6.0,u282879
6.0,u166761
6.0,u256647
6.0,u50290
6.0,u256344
6.0,u43822
6.0,u256319
6.0,u150093
6.0,u87010
6.0,u43933
6.0,u251779
6.0,u251606
6.0,u149349
6.0,u251156
6.0,u128644
6.0,u35551
6.0,u27555
6.0,u203158
6.0,u153092
6.0,u64623
6.0,u202296
6.0,u38270
6.0,u147661
6.0,u50998
6.0,u255990
6.0,u200516
6.0,u200297
6.0,u64109
6.0,u100807
6.0,u115906
6.0,u257306
6.0,u115894
6.0,u239811
6.0,u177648
6.0,u136588
6.0,u23495
6.0,u185257
6.0,u160372
6.0,u238369
6.0,u276012
6.0,u183793
6.0,u111443
6.0,u112272
6.0,u271933
6.0,u40460
6.0,u243871
6.0,u245667
6.0,u32898
6.0,u133309
6.0,u56515
6.0,u263498
6.0,u30551
6.0,u273270
6.0,u107633
6.0,u247660
6.0,u34247
6.0,u104739
6.0,u229937
6.0,u190656
6.0,u156687
6.0,u281486
6.0,u34496
6.0,u281311
6.0,u42022
6.0,u60328
6.0,u139491
6.0,u242982
6.0,u186576
6.0,u157569
6.0,u105065
6.0,u45669
6.0,u259977
6.0,u279667
6.0,u122507
6.0,u107086
6.0,u260339
6.0,u158872
6.0,u280195
6.0,u150468
6.0,u6947
6.0,u37141
6.0,u72890
6.0,u206783
6.0,u72264
6.0,u36742
6.0,u207282
6.0,u37521
6.0,u293461
6.0,u10992
6.0,u11191
6.0,u66819
6.0,u206467
6.0,u79653
6.0,u12316
6.0,u69819
6.0,u65588
6.0,u211118
6.0,u13358
5.0,u213516
5.0,u209904
5.0,u42130
5.0,u226959
5.0,u295450
5.0,u246876
5.0,u183006
5.0,u163548
5.0,u207966
5.0,u244767
5.0,u260965
5.0,u47082
5.0,u135543
5.0,u34067
5.0,u274630
5.0,u291584
5.0,u135147
5.0,u263303
5.0,u162537
5.0,u230323
5.0,u79120
5.0,u79172
5.0,u180998
5.0,u286002
5.0,u114536
5.0,u94051
5.0,u262575
5.0,u10194
5.0,u92860
5.0,u82367
5.0,u274972
5.0,u221743
5.0,u77646
5.0,u66720
5.0,u270285
5.0,u211311
5.0,u120305
5.0,u41768
5.0,u270008
5.0,u124426
5.0,u294048
5.0,u130768
5.0,u239438
5.0,u52588
5.0,u41630
5.0,u99867
5.0,u282824
5.0,u223032
5.0,u41615
5.0,u242178
5.0,u194624
5.0,u267016
5.0,u33779
5.0,u49498
5.0,u179986
5.0,u229576
5.0,u272252
5.0,u22320
5.0,u76510
5.0,u41914
5.0,u128523
5.0,u118361
5.0,u178677
5.0,u66062
5.0,u220797
5.0,u195099
5.0,u238544
5.0,u68855
5.0,u59778
5.0,u199147
5.0,u184617
5.0,u85189
5.0,u257034
5.0,u155653
5.0,u225822
5.0,u249471
5.0,u43914
5.0,u110801
5.0,u110780
5.0,u185994
5.0,u110589
5.0,u148927
5.0,u14135
5.0,u215194
5.0,u148909
5.0,u108481
5.0,u37907
5.0,u144192
5.0,u215488
5.0,u148197
5.0,u10524
5.0,u218286
5.0,u32182
5.0,u184900
5.0,u43911
5.0,u34255
5.0,u44368
5.0,u153285
5.0,u255541
5.0,u153254
5.0,u38846
5.0,u57599
5.0,u43352
5.0,u150616
5.0,u286792
5.0,u108024
5.0,u39609
5.0,u73693
5.0,u158374
5.0,u183518
5.0,u64189
5.0,u112565
5.0,u59603
5.0,u216887
5.0,u278046
5.0,u107156
5.0,u107874
5.0,u34193
5.0,u275914
5.0,u32367
5.0,u38218
5.0,u257807
5.0,u45296
5.0,u107265
4.0,u271333
4.0,u178453
4.0,u239933
4.0,u79816
4.0,u109474
4.0,u39729
4.0,u276582
4.0,u109275
4.0,u185392
4.0,u41573
4.0,u232530
4.0,u119411
4.0,u119633
4.0,u185961
4.0,u24804
4.0,u269324
4.0,u24929
4.0,u108089
4.0,u108253
4.0,u276508
4.0,u79376
4.0,u271709
4.0,u183938
4.0,u235070
4.0,u183655
4.0,u234748
4.0,u113755
4.0,u40673
4.0,u182659
4.0,u113695
4.0,u182879
4.0,u293024
4.0,u175350
4.0,u113407
4.0,u112433
4.0,u183228
4.0,u113117
4.0,u113097
4.0,u293023
4.0,u233420
4.0,u179096
4.0,u56209
4.0,u22334
4.0,u238088
4.0,u117264
4.0,u109753
4.0,u184773
4.0,u180377
4.0,u109839
4.0,u237650
4.0,u57792
4.0,u22138
4.0,u34146
4.0,u55876
4.0,u37800
4.0,u40928
4.0,u273599
4.0,u175501
4.0,u243556
4.0,u122270
4.0,u37282
4.0,u256716
4.0,u256788
4.0,u45216
4.0,u143064
4.0,u249260
4.0,u295826
4.0,u214732
4.0,u140581
4.0,u258739
4.0,u259041
4.0,u295720
4.0,u45675
4.0,u259335
4.0,u138784
4.0,u32874
4.0,u158589
4.0,u69756
4.0,u42920
4.0,u214472
4.0,u214430
4.0,u158942
4.0,u159148
4.0,u159300
4.0,u160442
4.0,u160548
4.0,u69930
4.0,u144313
4.0,u122294
4.0,u144614
4.0,u217341
4.0,u252498
4.0,u217789
4.0,u43985
4.0,u44055
4.0,u253161
4.0,u70605
4.0,u151740
4.0,u216728
4.0,u148978
4.0,u152275
4.0,u32311
4.0,u254392
4.0,u216532
4.0,u152686
4.0,u148031
4.0,u32710
4.0,u71440
4.0,u153192
4.0,u32211
4.0,u153538
4.0,u295960
4.0,u44776
4.0,u295909
4.0,u256465
4.0,u245886
4.0,u213481
4.0,u134163
4.0,u47933
4.0,u265223
4.0,u167112
4.0,u128858
4.0,u128843
4.0,u243197
4.0,u128406
4.0,u220778
4.0,u128215
4.0,u27011
4.0,u170292
4.0,u242513
4.0,u125895
4.0,u241668
4.0,u171840
4.0,u171841
4.0,u267404
4.0,u52103
4.0,u124571
4.0,u172659
4.0,u41672
4.0,u173404
4.0,u267916
4.0,u174495
4.0,u240373
4.0,u33633
4.0,u166913
4.0,u211966
4.0,u42027
4.0,u162944
4.0,u30558
4.0,u295132
4.0,u47975
4.0,u219762
4.0,u262515
4.0,u74868
4.0,u48153
4.0,u213152
4.0,u133235
4.0,u48524
4.0,u244984
4.0,u162987
4.0,u129999
4.0,u37397
4.0,u131766
4.0,u263543
4.0,u263604
4.0,u164090
4.0,u164399
4.0,u164877
4.0,u264007
4.0,u30546
4.0,u42073
4.0,u130415
4.0,u34229
4.0,u271106
4.0,u282871
4.0,u95236
4.0,u194577
4.0,u280932
4.0,u189370
4.0,u222795
4.0,u227234
4.0,u95618
4.0,u286664
4.0,u64183
4.0,u194155
4.0,u39464
4.0,u39209
4.0,u100681
4.0,u64531
4.0,u197200
4.0,u87562
4.0,u88368
4.0,u87553
4.0,u285725
4.0,u226799
4.0,u283907
4.0,u94383
4.0,u81243
4.0,u94371
4.0,u288040
4.0,u38226
4.0,u230911
4.0,u17279
4.0,u82505
4.0,u288284
4.0,u34498
4.0,u96936
4.0,u15275
4.0,u203430
4.0,u96861
4.0,u96744
4.0,u190808
4.0,u102554
4.0,u96660
4.0,u39213
4.0,u282047
4.0,u200208
4.0,u224016
4.0,u201088
4.0,u226012
4.0,u284182
4.0,u196513
4.0,u230754
4.0,u205451
4.0,u90355
4.0,u15091
4.0,u14792
4.0,u194029
4.0,u285636
4.0,u191624
4.0,u92129
4.0,u63720
4.0,u222327
4.0,u206150
4.0,u200083
4.0,u35701
4.0,u18240
4.0,u84321
4.0,u225252
4.0,u290883
4.0,u289175
4.0,u282761
4.0,u89319
4.0,u106725
4.0,u18293
4.0,u286213
4.0,u39670
4.0,u231266
4.0,u64467
4.0,u226445
4.0,u187914
4.0,u224199
4.0,u15820
4.0,u282783
4.0,u226629
4.0,u105627
4.0,u67197
4.0,u204704
4.0,u229249
3.0,u69095
3.0,u257544
3.0,u140826
3.0,u41806
3.0,u121665
3.0,u97182
3.0,u99708
3.0,u126190
3.0,u41585
3.0,u36727
3.0,u141823
3.0,u125522
3.0,u287161
3.0,u37751
3.0,u170440
3.0,u258152
3.0,u223016
3.0,u83221
3.0,u215036
3.0,u61817
3.0,u228252
3.0,u39236
3.0,u248970
3.0,u77255
3.0,u25825
3.0,u122292
3.0,u61408
3.0,u155467
3.0,u291436
3.0,u283985
3.0,u223222
3.0,u38299
3.0,u283668
3.0,u155629
3.0,u39436
3.0,u215069
3.0,u90070
3.0,u256913
3.0,u52559
3.0,u26028
3.0,u45248
3.0,u15730
3.0,u155707
3.0,u293983
3.0,u268025
3.0,u172229
3.0,u283447
3.0,u45277
3.0,u122795
3.0,u98219
3.0,u240453
3.0,u240419
3.0,u77783
3.0,u172955
3.0,u41788
3.0,u33269
3.0,u155867
3.0,u89956
3.0,u33666
3.0,u33037
3.0,u31685
3.0,u138303
3.0,u295234
3.0,u138010
3.0,u158684
3.0,u161010
3.0,u138130
3.0,u219254
3.0,u93457
3.0,u93467
3.0,u138462
3.0,u133083
3.0,u63665
3.0,u11368
3.0,u3282
3.0,u12053
3.0,u94242
3.0,u162138
3.0,u91425
3.0,u158335
3.0,u262046
3.0,u84532
3.0,u286084
3.0,u30580
3.0,u137255
3.0,u46282
3.0,u247021
3.0,u247124
3.0,u36825
3.0,u199364
3.0,u214413
3.0,u260420
3.0,u160419
3.0,u135856
3.0,u74364
3.0,u261530
3.0,u286223
3.0,u223532
3.0,u137936
3.0,u199543
3.0,u261712
3.0,u220091
3.0,u132545
3.0,u265712
3.0,u18692
3.0,u157491
3.0,u121417
3.0,u36728
3.0,u8309
3.0,u139761
3.0,u75901
3.0,u140078
3.0,u166959
3.0,u211841
3.0,u212971
3.0,u76191
3.0,u195260
3.0,u167393
3.0,u228207
3.0,u265541
3.0,u258417
3.0,u96889
3.0,u96962
3.0,u207279
3.0,u196357
3.0,u130252
3.0,u243856
3.0,u132490
3.0,u95213
3.0,u48843
3.0,u196982
3.0,u39211
3.0,u139273
3.0,u43103
3.0,u42090
3.0,u165182
3.0,u95923
3.0,u165209
3.0,u285291
3.0,u42059
3.0,u73832
3.0,u243937
3.0,u37412
3.0,u96214
3.0,u37246
3.0,u30637
3.0,u121272
3.0,u237072
3.0,u39502
3.0,u102073
3.0,u209283
3.0,u181245
3.0,u115546
3.0,u253737
3.0,u273171
3.0,u209909
3.0,u70227
3.0,u37856
3.0,u32317
3.0,u152891
3.0,u40703
3.0,u34022
3.0,u114981
3.0,u109905
3.0,u81241
3.0,u153452
3.0,u181046
3.0,u55449
3.0,u191737
3.0,u116725
3.0,u146861
3.0,u151447
3.0,u43931
3.0,u151573
3.0,u55585
3.0,u38036
3.0,u81218
3.0,u289116
3.0,u255545
3.0,u180932
3.0,u109757
3.0,u109840
3.0,u251354
3.0,u239582
3.0,u253795
3.0,u281395
3.0,u296499
3.0,u152491
3.0,u113216
3.0,u113146
3.0,u150437
3.0,u231070
3.0,u17296
3.0,u280683
3.0,u204060
3.0,u275304
3.0,u224641
3.0,u208178
3.0,u189310
3.0,u148947
3.0,u188689
3.0,u182990
3.0,u39560
3.0,u234584
3.0,u43923
3.0,u114809
3.0,u181687
3.0,u235538
3.0,u56807
3.0,u255061
3.0,u188347
3.0,u40696
3.0,u254763
3.0,u230625
3.0,u81888
3.0,u208059
3.0,u113950
3.0,u103584
3.0,u222523
3.0,u55365
3.0,u82379
3.0,u222979
3.0,u39685
3.0,u150927
3.0,u24430
3.0,u119838
3.0,u89258
3.0,u177683
3.0,u154726
3.0,u218526
3.0,u193229
3.0,u109300
3.0,u292611
3.0,u178060
3.0,u218043
3.0,u209198
3.0,u119413
3.0,u278920
3.0,u64950
3.0,u100627
3.0,u154744
3.0,u86641
3.0,u176669
3.0,u186293
3.0,u154799
3.0,u282767
3.0,u120643
3.0,u120560
3.0,u177356
3.0,u207728
3.0,u177030
3.0,u150175
3.0,u39453
3.0,u289408
3.0,u177280
3.0,u34783
3.0,u249989
3.0,u183596
3.0,u34172
3.0,u276637
3.0,u146454
3.0,u118495
3.0,u210688
3.0,u272137
3.0,u151243
3.0,u202817
3.0,u185537
3.0,u185122
3.0,u108769
3.0,u256077
3.0,u119054
3.0,u192769
3.0,u117411
3.0,u216456
3.0,u210729
3.0,u44459
3.0,u153898
3.0,u277487
3.0,u250530
2.0,u151285
2.0,u43038
2.0,u252302
2.0,u157935
2.0,u151449
2.0,u204800
2.0,u204841
2.0,u151373
2.0,u224062
2.0,u214220
2.0,u199363
2.0,u248270
2.0,u206872
2.0,u150706
2.0,u35454
2.0,u159116
2.0,u150781
2.0,u36837
2.0,u224622
2.0,u216799
2.0,u35669
2.0,u251940
2.0,u158058
2.0,u248040
2.0,u151230
2.0,u158507
2.0,u151892
2.0,u247766
2.0,u199756
2.0,u223561
2.0,u204607
2.0,u248142
2.0,u248216
2.0,u151947
2.0,u42932
2.0,u200493
2.0,u32631
2.0,u32737
2.0,u155533
2.0,u154226
2.0,u201764
2.0,u206069
2.0,u154139
2.0,u201583
2.0,u249327
2.0,u250415
2.0,u37206
2.0,u225124
2.0,u201154
2.0,u35842
2.0,u153716
2.0,u224970
2.0,u153321
2.0,u35518
2.0,u202687
2.0,u157687
2.0,u155365
2.0,u225380
2.0,u154853
2.0,u225430
2.0,u43842
2.0,u37257
2.0,u225319
2.0,u249974
2.0,u206377
2.0,u249650
2.0,u225541
2.0,u249573
2.0,u249568
2.0,u154742
2.0,u202007
2.0,u37090
2.0,u156240
2.0,u249055
2.0,u156467
2.0,u32727
2.0,u152788
2.0,u43918
2.0,u43306
2.0,u203606
2.0,u200402
2.0,u39142
2.0,u32676
2.0,u43105
2.0,u152535
2.0,u205461
2.0,u251126
2.0,u214726
2.0,u217975
2.0,u152128
2.0,u152045
2.0,u157268
2.0,u203507
2.0,u248377
2.0,u156977
2.0,u223668
2.0,u218977
2.0,u156775
2.0,u248721
2.0,u203190
2.0,u32860
2.0,u39124
2.0,u157113
2.0,u35899
2.0,u223833
2.0,u32712
2.0,u248526
2.0,u223954
2.0,u248382
2.0,u186459
2.0,u243695
2.0,u246841
2.0,u42872
2.0,u221714
2.0,u179156
2.0,u192367
2.0,u34528
2.0,u179534
2.0,u179755
2.0,u191858
2.0,u207810
2.0,u237606
2.0,u180648
2.0,u210505
2.0,u221789
2.0,u237121
2.0,u37783
2.0,u236889
2.0,u209936
2.0,u181255
2.0,u236661
2.0,u181324
2.0,u39507
2.0,u230225
2.0,u33830
2.0,u230255
2.0,u181636
2.0,u208027
2.0,u229511
2.0,u192543
2.0,u192693
2.0,u238897
2.0,u176696
2.0,u239518
2.0,u176756
2.0,u33679
2.0,u176807
2.0,u177087
2.0,u39454
2.0,u177631
2.0,u193201
2.0,u36337
2.0,u238911
2.0,u33774
2.0,u238327
2.0,u177809
2.0,u41188
2.0,u177988
2.0,u238569
2.0,u178243
2.0,u224229
2.0,u41081
2.0,u238501
2.0,u39466
2.0,u178729
2.0,u36325
2.0,u230617
2.0,u182108
2.0,u182175
2.0,u185819
2.0,u187834
2.0,u184921
2.0,u231289
2.0,u187156
2.0,u185045
2.0,u186932
2.0,u185093
2.0,u222238
2.0,u233081
2.0,u232665
2.0,u232602
2.0,u231688
2.0,u187952
2.0,u232512
2.0,u34202
2.0,u186720
2.0,u222309
2.0,u222301
2.0,u186586
2.0,u70445
2.0,u34225
2.0,u222267
2.0,u186422
2.0,u209165
2.0,u184782
2.0,u188044
2.0,u235001
2.0,u189121
2.0,u190091
2.0,u189710
2.0,u34445
2.0,u182722
2.0,u189455
2.0,u221895
2.0,u234360
2.0,u40583
2.0,u209786
2.0,u209653
2.0,u183497
2.0,u40457
2.0,u188218
2.0,u208389
2.0,u233849
2.0,u222538
2.0,u34115
2.0,u222459
2.0,u188482
2.0,u34134
2.0,u233584
2.0,u39641
2.0,u231191
2.0,u233410
2.0,u41247
2.0,u176058
2.0,u175960
2.0,u164188
2.0,u39204
2.0,u32941
2.0,u245067
2.0,u220228
2.0,u226731
2.0,u226740
2.0,u223510
2.0,u197579
2.0,u163485
2.0,u244624
2.0,u244512
2.0,u244323
2.0,u162147
2.0,u196900
2.0,u244282
2.0,u42042
2.0,u166184
2.0,u196197
2.0,u220376
2.0,u212507
2.0,u166419
2.0,u212249
2.0,u166773
2.0,u166810
2.0,u42330
2.0,u219824
2.0,u195382
2.0,u160628
2.0,u159563
2.0,u35415
2.0,u160014
2.0,u160045
2.0,u160164
2.0,u246326
2.0,u160317
2.0,u160330
2.0,u219579
2.0,u32880
2.0,u160525
2.0,u198571
2.0,u198182
2.0,u160762
2.0,u213496
2.0,u160978
2.0,u198563
2.0,u245847
2.0,u198403
2.0,u161448
2.0,u245390
2.0,u226636
2.0,u245247
2.0,u161723
2.0,u195711
2.0,u41999
2.0,u33676
2.0,u41653
2.0,u33328
2.0,u34877
2.0,u194278
2.0,u172789
2.0,u172813
2.0,u221594
2.0,u34868
2.0,u172904
2.0,u173019
2.0,u241127
2.0,u193970
2.0,u229041
2.0,u241599
2.0,u240674
2.0,u240598
2.0,u229056
2.0,u240104
2.0,u193662
2.0,u175068
2.0,u34854
2.0,u193496
2.0,u239969
2.0,u175577
2.0,u239862
2.0,u228525
2.0,u171513
2.0,u207302
2.0,u195139
2.0,u243587
2.0,u243461
2.0,u243412
2.0,u195192
2.0,u168501
2.0,u168730
2.0,u211649
2.0,u39221
2.0,u243134
2.0,u243071
2.0,u169345
2.0,u169434
2.0,u171398
2.0,u211524
2.0,u169506
2.0,u169614
2.0,u169636
2.0,u169688
2.0,u41826
2.0,u170360
2.0,u242406
2.0,u228324
2.0,u242229
2.0,u171139
2.0,u204858
2.0,u32228
2.0,u150399
2.0,u57471
2.0,u108773
2.0,u108776
2.0,u277127
2.0,u277100
2.0,u108899
2.0,u276849
2.0,u276653
2.0,u19227
2.0,u276222
2.0,u110422
2.0,u110691
2.0,u110797
2.0,u275975
2.0,u113186
2.0,u48662
2.0,u56859
2.0,u113629
2.0,u113721
2.0,u113735
2.0,u21243
2.0,u114551
2.0,u274372
2.0,u114744
2.0,u274279
2.0,u115413
2.0,u116096
2.0,u272879
2.0,u116542
2.0,u277799
2.0,u108456
2.0,u58108
2.0,u58345
2.0,u281806
2.0,u102013
2.0,u281804
2.0,u281749
2.0,u281743
2.0,u281545
2.0,u103017
2.0,u103308
2.0,u103386
2.0,u103681
2.0,u17079
2.0,u60423
2.0,u59457
2.0,u280644
2.0,u104622
2.0,u105101
2.0,u279881
2.0,u59355
2.0,u106211
2.0,u17681
2.0,u106511
2.0,u106793
2.0,u107270
2.0,u107485
2.0,u58578
2.0,u58566
2.0,u108261
2.0,u116705
2.0,u117384
2.0,u117960
2.0,u51878
2.0,u125217
2.0,u125426
2.0,u125777
2.0,u125884
2.0,u266941
2.0,u126304
2.0,u266758
2.0,u128291
2.0,u50649
2.0,u28135
2.0,u128584
2.0,u28139
2.0,u50367
2.0,u128810
2.0,u265029
2.0,u49590
2.0,u264543
2.0,u129931
2.0,u49231
2.0,u130886
2.0,u130978
2.0,u263909
2.0,u131169
2.0,u131170
2.0,u263724
2.0,u131455
2.0,u131634
2.0,u267145
2.0,u124738
2.0,u54749
2.0,u267463
2.0,u118560
2.0,u271327
2.0,u119365
2.0,u119384
2.0,u271009
2.0,u270741
2.0,u119743
2.0,u24891
2.0,u269352
2.0,u269190
2.0,u120894
2.0,u120938
2.0,u121117
2.0,u121704
2.0,u122180
2.0,u122234
2.0,u268390
2.0,u122418
2.0,u122697
2.0,u268173
2.0,u267977
2.0,u123046
2.0,u267891
2.0,u267851
2.0,u123605
2.0,u123609
2.0,u267745
2.0,u15945
2.0,u282154
2.0,u282214
2.0,u293743
2.0,u68290
2.0,u78529
2.0,u10119
2.0,u293542
2.0,u10688
2.0,u80154
2.0,u80160
2.0,u80863
2.0,u81734
2.0,u82405
2.0,u82422
2.0,u84086
2.0,u290519
2.0,u84722
2.0,u85000
2.0,u85574
2.0,u12636
2.0,u289800
2.0,u85988
2.0,u65364
2.0,u86126
2.0,u86127
2.0,u289638
2.0,u86587
2.0,u13560
2.0,u289142
2.0,u87375
2.0,u78046
2.0,u9661
2.0,u87717
2.0,u293837
2.0,u70562
2.0,u70575
2.0,u71054
2.0,u71152
2.0,u71512
2.0,u71535
2.0,u71545
2.0,u72275
2.0,u295873
2.0,u295872
2.0,u70134
2.0,u295845
2.0,u73437
2.0,u73648
2.0,u73906
2.0,u74067
2.0,u295518
2.0,u5251
2.0,u69448
2.0,u294617
2.0,u75484
2.0,u75692
2.0,u75735
2.0,u76901
2.0,u9175
2.0,u77487
2.0,u77576
2.0,u87452
2.0,u87727
2.0,u282280
2.0,u94603
2.0,u285706
2.0,u285571
2.0,u95541
2.0,u285494
2.0,u285473
2.0,u96282
2.0,u285006
2.0,u284912
2.0,u96843
2.0,u284711
2.0,u15320
2.0,u98031
2.0,u98253
2.0,u98342
2.0,u283896
2.0,u98638
2.0,u98862
2.0,u283305
2.0,u283045
2.0,u99594
2.0,u100157
2.0,u100230
2.0,u282743
2.0,u100444
2.0,u282370
2.0,u100713
2.0,u100933
2.0,u285756
2.0,u93766
2.0,u87896
2.0,u93669
2.0,u288396
2.0,u14001
2.0,u88878
2.0,u89405
2.0,u89485
2.0,u287855
2.0,u89712
2.0,u89960
2.0,u90032
2.0,u90190
2.0,u90212
2.0,u90260
2.0,u287170
2.0,u64231
2.0,u64199
2.0,u286820
2.0,u286814
2.0,u91865
2.0,u286542
2.0,u14361
2.0,u286385
2.0,u92167
2.0,u92306
2.0,u92375
2.0,u92918
2.0,u93176
2.0,u93440
2.0,u263506
2.0,u217685
2.0,u255774
2.0,u143605
2.0,u45736
2.0,u143360
2.0,u256317
2.0,u135414
2.0,u143207
2.0,u135546
2.0,u149538
2.0,u259865
2.0,u259861
2.0,u44064
2.0,u149700
2.0,u139135
2.0,u137531
2.0,u31816
2.0,u148092
2.0,u254282
2.0,u254954
2.0,u147938
2.0,u145855
2.0,u145877
2.0,u142445
2.0,u262790
2.0,u137396
2.0,u31819
2.0,u149454
2.0,u133380
2.0,u256367
2.0,u262054
2.0,u44208
2.0,u144408
2.0,u144453
2.0,u262111
2.0,u144059
2.0,u256619
2.0,u144648
2.0,u31890
2.0,u137743
2.0,u145073
2.0,u260552
2.0,u137944
2.0,u44181
2.0,u137982
2.0,u262239
2.0,u145308
2.0,u260183
2.0,u149149
2.0,u260156
2.0,u148217
2.0,u133808
2.0,u262449
2.0,u260833
2.0,u46958
2.0,u255599
2.0,u252859
2.0,u257107
2.0,u141944
2.0,u252705
2.0,u258968
2.0,u252807
2.0,u44336
2.0,u147109
2.0,u136225
2.0,u140271
2.0,u132531
2.0,u45445
2.0,u149784
2.0,u255528
2.0,u132255
2.0,u263077
2.0,u46393
2.0,u260864
2.0,u44060
2.0,u139439
2.0,u258383
2.0,u258184
2.0,u146499
2.0,u136103
2.0,u141043
2.0,u146354
1.0,u250115
1.0,u288583
1.0,u288484
1.0,u286873
1.0,u226138
1.0,u13872
1.0,u35468
1.0,u226031
1.0,u286883
1.0,u286650
1.0,u226332
1.0,u256417
1.0,u226212
1.0,u288256
1.0,u286376
1.0,u250856
1.0,u226287
1.0,u250864
1.0,u288302
1.0,u256544
1.0,u224795
1.0,u255840
1.0,u286442
1.0,u13936
1.0,u287780
1.0,u250278
1.0,u224917
1.0,u287057
1.0,u256000
1.0,u14043
1.0,u225888
1.0,u287453
1.0,u225864
1.0,u250687
1.0,u14191
1.0,u255955
1.0,u287616
1.0,u35521
1.0,u225575
1.0,u250675
1.0,u225403
1.0,u14055
1.0,u255883
1.0,u225235
1.0,u35485
1.0,u225218
1.0,u288106
1.0,u288254
1.0,u288124
1.0,u287159
1.0,u250796
1.0,u226028
1.0,u226020
1.0,u35527
1.0,u225202
1.0,u287178
1.0,u225185
1.0,u287954
1.0,u226017
1.0,u287237
1.0,u287422
1.0,u226386
1.0,u263448
1.0,u256578
1.0,u228516
1.0,u249225
1.0,u15436
1.0,u228668
1.0,u284101
1.0,u228614
1.0,u284105
1.0,u257014
1.0,u228563
1.0,u284157
1.0,u228474
1.0,u15488
1.0,u249452
1.0,u284187
1.0,u284244
1.0,u228471
1.0,u228255
1.0,u284287
1.0,u284333
1.0,u284334
1.0,u284375
1.0,u229006
1.0,u257211
1.0,u257006
1.0,u257630
1.0,u258163
1.0,u282170
1.0,u248773
1.0,u248947
1.0,u282366
1.0,u31790
1.0,u257645
1.0,u229499
1.0,u229459
1.0,u282681
1.0,u283175
1.0,u257563
1.0,u257546
1.0,u257259
1.0,u282756
1.0,u34821
1.0,u283016
1.0,u249087
1.0,u249095
1.0,u229151
1.0,u284493
1.0,u284612
1.0,u286339
1.0,u226682
1.0,u226936
1.0,u226915
1.0,u249596
1.0,u226881
1.0,u249622
1.0,u249638
1.0,u285870
1.0,u255616
1.0,u226718
1.0,u286019
1.0,u226957
1.0,u32045
1.0,u286034
1.0,u249952
1.0,u226564
1.0,u286161
1.0,u226528
1.0,u286187
1.0,u226524
1.0,u226471
1.0,u226951
1.0,u285611
1.0,u256996
1.0,u284992
1.0,u249490
1.0,u284736
1.0,u34885
1.0,u228014
1.0,u227999
1.0,u227959
1.0,u227829
1.0,u15190
1.0,u227806
1.0,u249558
1.0,u31842
1.0,u227556
1.0,u227427
1.0,u285190
1.0,u227317
1.0,u35381
1.0,u227045
1.0,u226991
1.0,u285478
1.0,u285510
1.0,u285995
1.0,u13483
1.0,u288876
1.0,u294951
1.0,u220617
1.0,u6973
1.0,u220472
1.0,u294504
1.0,u6780
1.0,u220234
1.0,u6368
1.0,u294802
1.0,u220201
1.0,u294923
1.0,u219985
1.0,u293623
1.0,u36809
1.0,u219888
1.0,u219827
1.0,u5917
1.0,u251845
1.0,u36815
1.0,u295217
1.0,u295225
1.0,u219717
1.0,u295256
1.0,u251842
1.0,u294399
1.0,u8879
1.0,u220765
1.0,u253873
1.0,u221648
1.0,u253792
1.0,u293840
1.0,u9633
1.0,u36363
1.0,u294007
1.0,u253678
1.0,u221499
1.0,u221153
1.0,u9569
1.0,u221059
1.0,u9362
1.0,u9309
1.0,u220850
1.0,u294211
1.0,u253300
1.0,u253289
1.0,u220772
1.0,u9083
1.0,u294244
1.0,u219659
1.0,u295275
1.0,u219496
1.0,u251961
1.0,u5123
1.0,u37095
1.0,u252125
1.0,u218271
1.0,u218053
1.0,u32470
1.0,u218010
1.0,u4662
1.0,u296091
1.0,u218006
1.0,u296516
1.0,u217962
1.0,u4485
1.0,u252329
1.0,u217876
1.0,u217835
1.0,u252611
1.0,u217831
1.0,u296546
1.0,u4248
1.0,u217771
1.0,u218613
1.0,u252976
1.0,u253204
1.0,u251957
1.0,u295439
1.0,u219291
1.0,u295471
1.0,u32451
1.0,u219271
1.0,u295531
1.0,u219059
1.0,u295682
1.0,u295701
1.0,u251853
1.0,u36844
1.0,u295724
1.0,u218922
1.0,u295796
1.0,u32572
1.0,u218909
1.0,u295832
1.0,u253083
1.0,u218902
1.0,u252979
1.0,u36858
1.0,u254053
1.0,u221769
1.0,u288933
1.0,u255172
1.0,u251004
1.0,u255258
1.0,u12392
1.0,u223776
1.0,u290262
1.0,u290305
1.0,u12352
1.0,u290391
1.0,u223715
1.0,u35852
1.0,u290404
1.0,u9773
1.0,u223618
1.0,u223566
1.0,u290610
1.0,u11590
1.0,u223517
1.0,u291001
1.0,u291108
1.0,u291301
1.0,u291315
1.0,u291419
1.0,u35825
1.0,u289804
1.0,u223983
1.0,u255265
1.0,u224628
1.0,u255604
1.0,u224587
1.0,u288970
1.0,u289005
1.0,u250900
1.0,u224539
1.0,u289225
1.0,u13489
1.0,u224311
1.0,u35678
1.0,u289563
1.0,u282027
1.0,u255415
1.0,u224185
1.0,u217599
1.0,u224152
1.0,u224017
1.0,u250914
1.0,u250958
1.0,u289737
1.0,u291420
1.0,u35964
1.0,u35982
1.0,u292295
1.0,u11005
1.0,u251160
1.0,u292671
1.0,u222118
1.0,u292933
1.0,u222111
1.0,u10812
1.0,u222090
1.0,u221992
1.0,u36261
1.0,u251198
1.0,u221897
1.0,u293232
1.0,u293341
1.0,u221870
1.0,u10146
1.0,u293503
1.0,u254263
1.0,u254106
1.0,u221794
1.0,u251284
1.0,u292454
1.0,u292259
1.0,u291445
1.0,u292254
1.0,u291453
1.0,u291469
1.0,u32275
1.0,u222893
1.0,u35985
1.0,u291505
1.0,u11212
1.0,u291638
1.0,u222826
1.0,u32303
1.0,u35997
1.0,u291705
1.0,u222546
1.0,u291797
1.0,u292005
1.0,u292059
1.0,u292085
1.0,u292109
1.0,u36026
1.0,u222394
1.0,u222360
1.0,u282098
1.0,u281390
1.0,u229599
1.0,u268243
1.0,u245994
1.0,u240793
1.0,u240783
1.0,u240687
1.0,u267943
1.0,u246008
1.0,u25821
1.0,u268126
1.0,u262048
1.0,u240374
1.0,u240290
1.0,u268713
1.0,u240130
1.0,u268256
1.0,u246020
1.0,u261934
1.0,u268497
1.0,u268515
1.0,u33672
1.0,u246034
1.0,u261893
1.0,u25642
1.0,u240850
1.0,u267880
1.0,u33581
1.0,u245957
1.0,u267343
1.0,u267388
1.0,u241569
1.0,u267405
1.0,u262301
1.0,u241515
1.0,u267412
1.0,u26323
1.0,u267435
1.0,u241455
1.0,u267593
1.0,u241402
1.0,u241381
1.0,u267634
1.0,u267665
1.0,u241216
1.0,u262217
1.0,u262201
1.0,u240952
1.0,u240927
1.0,u245895
1.0,u25161
1.0,u268863
1.0,u22957
1.0,u23975
1.0,u270400
1.0,u238998
1.0,u270575
1.0,u270592
1.0,u33758
1.0,u270644
1.0,u261282
1.0,u24068
1.0,u30608
1.0,u238661
1.0,u238637
1.0,u33675
1.0,u270781
1.0,u23879
1.0,u270951
1.0,u246237
1.0,u238546
1.0,u271195
1.0,u261072
1.0,u23209
1.0,u238472
1.0,u271507
1.0,u239047
1.0,u239062
1.0,u270212
1.0,u239179
1.0,u268951
1.0,u25135
1.0,u261853
1.0,u269098
1.0,u239751
1.0,u269137
1.0,u269144
1.0,u239645
1.0,u239617
1.0,u246051
1.0,u261846
1.0,u269150
1.0,u261680
1.0,u269239
1.0,u269525
1.0,u239458
1.0,u269630
1.0,u239339
1.0,u239232
1.0,u269682
1.0,u269840
1.0,u267164
1.0,u267163
1.0,u245392
1.0,u264762
1.0,u33034
1.0,u243930
1.0,u243895
1.0,u30532
1.0,u264334
1.0,u264343
1.0,u263155
1.0,u264441
1.0,u245000
1.0,u264578
1.0,u30520
1.0,u267107
1.0,u263136
1.0,u265107
1.0,u265139
1.0,u265305
1.0,u29254
1.0,u265370
1.0,u243671
1.0,u265455
1.0,u243654
1.0,u265465
1.0,u264249
1.0,u244052
1.0,u264232
1.0,u244152
1.0,u244637
1.0,u244772
1.0,u32952
1.0,u244852
1.0,u244572
1.0,u244555
1.0,u263610
1.0,u263689
1.0,u244506
1.0,u244867
1.0,u263761
1.0,u263800
1.0,u33000
1.0,u244889
1.0,u244910
1.0,u263422
1.0,u263933
1.0,u263965
1.0,u263340
1.0,u33004
1.0,u244165
1.0,u243642
1.0,u263058
1.0,u263031
1.0,u27287
1.0,u245228
1.0,u242696
1.0,u242686
1.0,u242646
1.0,u245236
1.0,u266947
1.0,u266951
1.0,u33173
1.0,u266972
1.0,u262648
1.0,u242492
1.0,u262508
1.0,u26448
1.0,u267031
1.0,u267046
1.0,u262490
1.0,u242206
1.0,u267052
1.0,u242097
1.0,u242046
1.0,u241820
1.0,u26464
1.0,u242857
1.0,u243507
1.0,u242863
1.0,u243466
1.0,u265546
1.0,u262716
1.0,u243230
1.0,u265631
1.0,u245089
1.0,u245091
1.0,u265815
1.0,u266301
1.0,u243095
1.0,u243074
1.0,u266319
1.0,u27791
1.0,u243024
1.0,u266659
1.0,u262651
1.0,u242971
1.0,u266810
1.0,u242951
1.0,u33113
1.0,u242906
1.0,u238385
1.0,u246394
1.0,u32762
1.0,u278743
1.0,u232502
1.0,u259968
1.0,u278118
1.0,u278220
1.0,u247959
1.0,u278288
1.0,u278489
1.0,u232050
1.0,u248029
1.0,u18691
1.0,u278839
1.0,u259638
1.0,u278926
1.0,u231822
1.0,u279176
1.0,u231649
1.0,u259821
1.0,u231617
1.0,u259726
1.0,u231597
1.0,u231541
1.0,u231476
1.0,u277902
1.0,u18731
1.0,u247895
1.0,u247856
1.0,u233336
1.0,u233265
1.0,u276116
1.0,u276148
1.0,u233253
1.0,u233171
1.0,u19277
1.0,u233167
1.0,u247672
1.0,u276928
1.0,u260278
1.0,u260188
1.0,u232958
1.0,u232794
1.0,u232668
1.0,u31028
1.0,u277568
1.0,u232575
1.0,u232546
1.0,u31182
1.0,u277839
1.0,u17536
1.0,u34279
1.0,u271668
1.0,u281487
1.0,u281156
1.0,u230763
1.0,u281168
1.0,u230732
1.0,u281185
1.0,u230715
1.0,u281192
1.0,u230649
1.0,u258762
1.0,u244732
1.0,u248381
1.0,u279401
1.0,u281646
1.0,u258722
1.0,u258693
1.0,u230196
1.0,u230130
1.0,u229959
1.0,u31194
1.0,u281838
1.0,u281930
1.0,u229852
1.0,u230843
1.0,u16414
1.0,u248375
1.0,u280998
1.0,u231251
1.0,u259592
1.0,u17376
1.0,u279693
1.0,u17331
1.0,u279762
1.0,u259540
1.0,u279951
1.0,u280050
1.0,u280124
1.0,u259397
1.0,u280269
1.0,u231069
1.0,u231007
1.0,u259174
1.0,u34293
1.0,u280670
1.0,u248293
1.0,u280675
1.0,u230942
1.0,u259082
1.0,u276093
1.0,u20409
1.0,u233337
1.0,u273001
1.0,u237227
1.0,u272738
1.0,u272796
1.0,u272813
1.0,u246762
1.0,u246806
1.0,u237054
1.0,u237026
1.0,u272943
1.0,u272951
1.0,u236831
1.0,u20489
1.0,u273134
1.0,u260959
1.0,u273375
1.0,u273600
1.0,u33970
1.0,u21349
1.0,u274051
1.0,u235702
1.0,u235572
1.0,u274332
1.0,u272718
1.0,u246743
1.0,u237448
1.0,u22272
1.0,u238269
1.0,u238197
1.0,u238196
1.0,u246426
1.0,u238130
1.0,u272320
1.0,u272352
1.0,u261022
1.0,u238082
1.0,u238036
1.0,u238005
1.0,u237918
1.0,u272357
1.0,u237854
1.0,u272501
1.0,u237826
1.0,u237748
1.0,u33783
1.0,u22300
1.0,u246632
1.0,u272541
1.0,u246861
1.0,u235189
1.0,u21288
1.0,u252352
1.0,u275299
1.0,u275375
1.0,u275397
1.0,u234211
1.0,u275431
1.0,u234167
1.0,u234061
1.0,u233917
1.0,u233875
1.0,u275639
1.0,u275842
1.0,u233829
1.0,u275863
1.0,u275933
1.0,u233749
1.0,u233634
1.0,u247173
1.0,u247308
1.0,u275981
1.0,u247519
1.0,u260470
1.0,u234318
1.0,u234351
1.0,u235159
1.0,u20797
1.0,u260760
1.0,u21108
1.0,u274650
1.0,u235027
1.0,u274662
1.0,u234837
1.0,u274689
1.0,u234679
1.0,u246890
1.0,u234632
1.0,u274817
1.0,u260719
1.0,u274837
1.0,u274853
1.0,u260626
1.0,u274885
1.0,u234414
1.0,u274894
1.0,u21035
1.0,u260572
1.0,u274991
1.0,u275087
1.0,u70411
1.0,u217496
1.0,u122414
1.0,u121728
1.0,u121911
1.0,u121932
1.0,u121954
1.0,u122071
1.0,u122139
1.0,u122284
1.0,u122352
1.0,u122501
1.0,u128396
1.0,u122639
1.0,u122743
1.0,u122817
1.0,u122926
1.0,u122944
1.0,u53010
1.0,u123029
1.0,u123110
1.0,u121573
1.0,u121571
1.0,u121221
1.0,u120928
1.0,u53673
1.0,u119959
1.0,u53620
1.0,u120143
1.0,u120226
1.0,u120227
1.0,u120258
1.0,u120339
1.0,u120345
1.0,u120349
1.0,u53539
1.0,u53231
1.0,u120656
1.0,u120665
1.0,u120818
1.0,u120840
1.0,u120856
1.0,u52886
1.0,u52861
1.0,u123486
1.0,u125519
1.0,u125654
1.0,u125750
1.0,u126068
1.0,u126185
1.0,u126189
1.0,u126285
1.0,u126393
1.0,u126395
1.0,u126428
1.0,u126691
1.0,u126795
1.0,u127032
1.0,u127041
1.0,u127586
1.0,u127662
1.0,u50989
1.0,u128268
1.0,u51570
1.0,u125394
1.0,u123714
1.0,u125334
1.0,u52581
1.0,u123800
1.0,u123830
1.0,u123859
1.0,u123896
1.0,u124323
1.0,u124379
1.0,u124442
1.0,u124464
1.0,u52308
1.0,u124787
1.0,u124828
1.0,u124882
1.0,u124903
1.0,u124947
1.0,u51937
1.0,u125203
1.0,u119764
1.0,u53978
1.0,u54076
1.0,u113085
1.0,u113327
1.0,u56979
1.0,u113433
1.0,u113470
1.0,u113647
1.0,u113773
1.0,u113836
1.0,u113841
1.0,u114108
1.0,u56823
1.0,u114452
1.0,u114505
1.0,u56578
1.0,u114925
1.0,u115049
1.0,u115220
1.0,u115228
1.0,u113305
1.0,u57014
1.0,u115379
1.0,u113013
1.0,u57835
1.0,u110277
1.0,u110517
1.0,u110740
1.0,u111108
1.0,u111133
1.0,u111179
1.0,u111258
1.0,u111582
1.0,u57536
1.0,u57312
1.0,u57070
1.0,u112593
1.0,u112753
1.0,u112818
1.0,u112946
1.0,u112983
1.0,u115296
1.0,u115382
1.0,u54088
1.0,u117807
1.0,u118031
1.0,u118100
1.0,u118191
1.0,u118293
1.0,u118639
1.0,u118645
1.0,u118806
1.0,u118949
1.0,u118981
1.0,u54435
1.0,u54403
1.0,u119421
1.0,u119474
1.0,u119522
1.0,u119548
1.0,u119584
1.0,u119587
1.0,u118009
1.0,u117649
1.0,u115406
1.0,u54919
1.0,u55982
1.0,u115485
1.0,u115656
1.0,u115719
1.0,u116048
1.0,u116110
1.0,u116348
1.0,u116367
1.0,u116381
1.0,u116420
1.0,u116475
1.0,u116558
1.0,u116647
1.0,u116707
1.0,u116732
1.0,u55269
1.0,u117460
1.0,u128355
1.0,u128550
1.0,u146348
1.0,u139854
1.0,u139227
1.0,u139249
1.0,u139254
1.0,u139282
1.0,u139402
1.0,u139456
1.0,u139679
1.0,u139699
1.0,u140201
1.0,u128554
1.0,u140306
1.0,u140434
1.0,u140451
1.0,u140561
1.0,u140589
1.0,u140665
1.0,u45424
1.0,u140942
1.0,u45677
1.0,u139151
1.0,u139141
1.0,u45717
1.0,u137600
1.0,u45760
1.0,u137656
1.0,u137662
1.0,u137672
1.0,u137971
1.0,u137997
1.0,u45741
1.0,u138185
1.0,u138245
1.0,u138364
1.0,u138376
1.0,u138478
1.0,u138586
1.0,u138883
1.0,u139017
1.0,u139022
1.0,u140963
1.0,u45307
1.0,u141368
1.0,u143698
1.0,u143924
1.0,u143965
1.0,u45214
1.0,u144277
1.0,u45213
1.0,u144973
1.0,u145057
1.0,u145221
1.0,u44795
1.0,u145369
1.0,u145381
1.0,u145439
1.0,u145527
1.0,u145581
1.0,u145584
1.0,u44480
1.0,u146081
1.0,u143820
1.0,u143685
1.0,u141412
1.0,u143658
1.0,u141493
1.0,u45303
1.0,u141596
1.0,u141636
1.0,u141658
1.0,u141876
1.0,u141913
1.0,u141914
1.0,u142159
1.0,u142275
1.0,u142418
1.0,u142691
1.0,u142785
1.0,u45251
1.0,u143041
1.0,u143371
1.0,u143385
1.0,u137556
1.0,u137402
1.0,u137399
1.0,u130401
1.0,u130710
1.0,u48919
1.0,u130992
1.0,u131005
1.0,u131102
1.0,u131145
1.0,u131195
1.0,u131271
1.0,u131343
1.0,u131361
1.0,u131378
1.0,u131384
1.0,u131453
1.0,u131777
1.0,u131814
1.0,u132000
1.0,u132012
1.0,u130652
1.0,u49272
1.0,u132938
1.0,u130284
1.0,u128567
1.0,u128569
1.0,u128586
1.0,u128900
1.0,u129024
1.0,u50017
1.0,u129147
1.0,u49757
1.0,u129223
1.0,u129228
1.0,u129251
1.0,u129443
1.0,u129605
1.0,u129624
1.0,u129824
1.0,u129862
1.0,u129881
1.0,u132103
1.0,u133051
1.0,u137324
1.0,u134667
1.0,u134800
1.0,u134832
1.0,u135103
1.0,u47766
1.0,u135170
1.0,u47595
1.0,u135388
1.0,u47447
1.0,u135623
1.0,u135761
1.0,u135907
1.0,u136030
1.0,u136373
1.0,u136788
1.0,u45771
1.0,u45764
1.0,u137308
1.0,u134742
1.0,u134340
1.0,u48493
1.0,u134311
1.0,u133163
1.0,u133172
1.0,u48164
1.0,u133407
1.0,u133409
1.0,u133439
1.0,u133512
1.0,u48040
1.0,u133602
1.0,u133605
1.0,u133620
1.0,u133683
1.0,u133732
1.0,u133815
1.0,u133865
1.0,u134071
1.0,u134208
1.0,u57839
1.0,u109756
1.0,u109662
1.0,u84804
1.0,u83734
1.0,u83758
1.0,u83977
1.0,u65948
1.0,u84368
1.0,u84500
1.0,u84535
1.0,u84779
1.0,u84952
1.0,u109606
1.0,u85052
1.0,u85188
1.0,u85410
1.0,u85417
1.0,u85502
1.0,u85849
1.0,u85870
1.0,u85925
1.0,u83685
1.0,u83579
1.0,u83465
1.0,u83176
1.0,u67157
1.0,u81048
1.0,u81124
1.0,u81293
1.0,u81353
1.0,u81520
1.0,u81593
1.0,u81665
1.0,u81679
1.0,u81769
1.0,u81977
1.0,u81993
1.0,u82184
1.0,u82664
1.0,u82731
1.0,u66170
1.0,u83084
1.0,u65475
1.0,u86351
1.0,u86512
1.0,u88581
1.0,u88742
1.0,u88828
1.0,u89165
1.0,u89169
1.0,u89232
1.0,u64376
1.0,u89486
1.0,u89701
1.0,u89773
1.0,u89850
1.0,u89969
1.0,u90042
1.0,u90250
1.0,u90282
1.0,u90439
1.0,u90453
1.0,u64370
1.0,u88614
1.0,u88332
1.0,u86527
1.0,u88238
1.0,u86806
1.0,u86826
1.0,u86847
1.0,u86875
1.0,u86899
1.0,u64870
1.0,u87082
1.0,u64847
1.0,u87394
1.0,u87419
1.0,u87506
1.0,u64709
1.0,u87813
1.0,u87888
1.0,u87943
1.0,u88049
1.0,u64663
1.0,u80898
1.0,u67460
1.0,u80660
1.0,u73868
1.0,u74131
1.0,u74141
1.0,u74185
1.0,u69533
1.0,u74232
1.0,u74349
1.0,u74365
1.0,u74435
1.0,u74450
1.0,u74508
1.0,u74741
1.0,u74902
1.0,u74906
1.0,u74949
1.0,u74958
1.0,u74965
1.0,u74968
1.0,u69741
1.0,u73849
1.0,u69346
1.0,u69791
1.0,u70464
1.0,u70551
1.0,u70364
1.0,u70331
1.0,u71188
1.0,u70274
1.0,u71519
1.0,u71532
1.0,u72117
1.0,u70206
1.0,u70193
1.0,u72993
1.0,u73270
1.0,u69994
1.0,u73600
1.0,u73601
1.0,u73622
1.0,u75049
1.0,u75585
1.0,u80553
1.0,u78087
1.0,u78630
1.0,u78641
1.0,u78728
1.0,u78921
1.0,u68283
1.0,u79204
1.0,u68189
1.0,u79424
1.0,u67876
1.0,u79570
1.0,u79577
1.0,u79654
1.0,u79743
1.0,u79790
1.0,u79809
1.0,u80129
1.0,u80222
1.0,u68368
1.0,u77995
1.0,u75606
1.0,u77972
1.0,u75687
1.0,u75718
1.0,u75783
1.0,u75785
1.0,u76091
1.0,u76611
1.0,u77005
1.0,u77154
1.0,u69140
1.0,u77310
1.0,u77486
1.0,u68671
1.0,u68552
1.0,u68411
1.0,u77798
1.0,u77823
1.0,u77842
1.0,u90590
1.0,u90626
1.0,u90850
1.0,u103412
1.0,u103473
1.0,u103514
1.0,u60694
1.0,u60587
1.0,u103707
1.0,u103751
1.0,u60532
1.0,u103960
1.0,u104369
1.0,u59640
1.0,u59465
1.0,u104573
1.0,u104618
1.0,u104762
1.0,u104839
1.0,u105164
1.0,u105373
1.0,u60698
1.0,u60747
1.0,u105393
1.0,u103153
1.0,u101040
1.0,u101140
1.0,u101150
1.0,u101463
1.0,u101608
1.0,u101637
1.0,u101682
1.0,u101724
1.0,u101901
1.0,u101930
1.0,u102071
1.0,u102076
1.0,u102326
1.0,u102461
1.0,u102468
1.0,u61117
1.0,u102993
1.0,u59418
1.0,u105539
1.0,u61302
1.0,u107977
1.0,u108351
1.0,u108530
1.0,u108543
1.0,u108550
1.0,u108710
1.0,u108831
1.0,u108844
1.0,u108963
1.0,u109018
1.0,u109083
1.0,u109259
1.0,u109305
1.0,u109447
1.0,u58018
1.0,u109523
1.0,u109548
1.0,u109583
1.0,u108324
1.0,u58433
1.0,u105546
1.0,u107918
1.0,u105654
1.0,u105836
1.0,u105910
1.0,u106099
1.0,u59017
1.0,u106437
1.0,u58908
1.0,u58878
1.0,u106788
1.0,u106814
1.0,u106862
1.0,u106949
1.0,u107486
1.0,u58666
1.0,u107662
1.0,u107841
1.0,u107849
1.0,u100992
1.0,u100795
1.0,u90870
1.0,u94179
1.0,u94578
1.0,u63597
1.0,u63518
1.0,u94765
1.0,u94904
1.0,u63471
1.0,u63388
1.0,u95434
1.0,u95459
1.0,u62883
1.0,u95734
1.0,u62697
1.0,u62407
1.0,u95988
1.0,u95994
1.0,u96175
1.0,u62201
1.0,u94250
1.0,u94170
1.0,u96596
1.0,u93528
1.0,u90872
1.0,u91232
1.0,u91237
1.0,u91263
1.0,u91289
1.0,u91459
1.0,u91961
1.0,u91996
1.0,u92000
1.0,u92001
1.0,u63850
1.0,u92377
1.0,u92473
1.0,u92534
1.0,u92562
1.0,u92802
1.0,u92829
1.0,u96456
1.0,u96688
1.0,u100636
1.0,u61344
1.0,u99050
1.0,u99133
1.0,u99143
1.0,u99182
1.0,u99286
1.0,u99316
1.0,u99648
1.0,u61324
1.0,u99741
1.0,u99855
1.0,u99870
1.0,u99874
1.0,u99888
1.0,u100107
1.0,u100344
1.0,u100402
1.0,u100415
1.0,u61329
1.0,u98660
1.0,u96713
1.0,u98622
1.0,u96877
1.0,u62097
1.0,u97063
1.0,u97089
1.0,u61953
1.0,u97123
1.0,u97489
1.0,u61831
1.0,u97539
1.0,u61684
1.0,u98130
1.0,u98176
1.0,u61674
1.0,u98345
1.0,u98349
1.0,u98426
1.0,u98522
1.0,u146099
1.0,u146507
1.0,u217468
1.0,u194393
1.0,u193531
1.0,u193548
1.0,u193672
1.0,u193739
1.0,u193786
1.0,u194069
1.0,u194133
1.0,u194204
1.0,u194401
1.0,u200963
1.0,u194405
1.0,u194516
1.0,u194555
1.0,u194890
1.0,u194945
1.0,u39431
1.0,u194973
1.0,u195228
1.0,u193514
1.0,u193486
1.0,u193107
1.0,u193098
1.0,u190174
1.0,u190305
1.0,u39548
1.0,u190538
1.0,u190567
1.0,u190811
1.0,u190826
1.0,u190908
1.0,u190940
1.0,u191511
1.0,u39500
1.0,u191716
1.0,u191787
1.0,u192177
1.0,u192297
1.0,u192402
1.0,u193077
1.0,u195384
1.0,u195546
1.0,u195608
1.0,u198104
1.0,u198283
1.0,u198385
1.0,u198671
1.0,u198771
1.0,u198867
1.0,u39162
1.0,u199215
1.0,u199243
1.0,u199274
1.0,u199357
1.0,u199368
1.0,u199559
1.0,u39152
1.0,u200138
1.0,u200157
1.0,u200318
1.0,u39125
1.0,u39179
1.0,u197917
1.0,u195930
1.0,u39206
1.0,u196020
1.0,u196138
1.0,u196142
1.0,u196278
1.0,u196284
1.0,u196589
1.0,u196659
1.0,u196705
1.0,u196726
1.0,u196897
1.0,u197059
1.0,u197272
1.0,u197280
1.0,u197298
1.0,u197313
1.0,u197637
1.0,u197653
1.0,u190147
1.0,u190119
1.0,u190077
1.0,u183539
1.0,u183605
1.0,u183627
1.0,u183636
1.0,u183697
1.0,u183712
1.0,u40023
1.0,u183880
1.0,u183916
1.0,u184017
1.0,u40017
1.0,u184056
1.0,u184074
1.0,u184077
1.0,u39968
1.0,u184686
1.0,u184707
1.0,u184821
1.0,u183572
1.0,u183451
1.0,u185009
1.0,u40600
1.0,u181545
1.0,u181692
1.0,u181750
1.0,u181761
1.0,u181820
1.0,u181937
1.0,u182211
1.0,u182220
1.0,u182307
1.0,u182316
1.0,u182432
1.0,u182694
1.0,u182785
1.0,u183000
1.0,u183032
1.0,u183075
1.0,u183081
1.0,u184882
1.0,u185263
1.0,u189889
1.0,u187003
1.0,u39663
1.0,u187614
1.0,u187635
1.0,u187707
1.0,u187740
1.0,u187742
1.0,u187822
1.0,u188316
1.0,u188530
1.0,u39621
1.0,u188578
1.0,u188934
1.0,u189331
1.0,u189439
1.0,u189574
1.0,u189579
1.0,u189736
1.0,u187278
1.0,u186907
1.0,u185277
1.0,u186879
1.0,u185381
1.0,u185463
1.0,u39939
1.0,u185531
1.0,u39731
1.0,u185694
1.0,u185712
1.0,u185997
1.0,u185998
1.0,u186068
1.0,u186077
1.0,u186199
1.0,u186325
1.0,u186393
1.0,u186457
1.0,u186559
1.0,u186838
1.0,u39101
1.0,u201159
1.0,u146562
1.0,u211710
1.0,u37734
1.0,u211166
1.0,u211171
1.0,u211316
1.0,u37682
1.0,u211593
1.0,u37573
1.0,u211623
1.0,u37572
1.0,u38897
1.0,u211946
1.0,u212277
1.0,u212408
1.0,u212551
1.0,u212583
1.0,u212681
1.0,u212799
1.0,u213121
1.0,u210941
1.0,u210752
1.0,u210604
1.0,u210593
1.0,u208838
1.0,u208885
1.0,u209126
1.0,u209254
1.0,u209260
1.0,u209336
1.0,u209384
1.0,u209421
1.0,u209593
1.0,u209763
1.0,u209865
1.0,u37843
1.0,u210198
1.0,u37770
1.0,u210546
1.0,u210555
1.0,u210565
1.0,u213129
1.0,u213142
1.0,u37389
1.0,u215218
1.0,u215521
1.0,u215689
1.0,u215942
1.0,u37226
1.0,u37219
1.0,u216257
1.0,u216305
1.0,u216327
1.0,u216363
1.0,u37145
1.0,u216719
1.0,u216730
1.0,u37137
1.0,u216880
1.0,u217110
1.0,u217227
1.0,u217439
1.0,u215310
1.0,u37289
1.0,u213187
1.0,u215011
1.0,u213252
1.0,u213307
1.0,u213310
1.0,u213352
1.0,u213455
1.0,u213514
1.0,u213517
1.0,u213623
1.0,u213645
1.0,u37362
1.0,u214204
1.0,u37332
1.0,u214492
1.0,u214537
1.0,u214718
1.0,u214793
1.0,u214930
1.0,u208794
1.0,u208626
1.0,u208583
1.0,u202894
1.0,u202924
1.0,u202993
1.0,u203072
1.0,u203342
1.0,u203363
1.0,u203849
1.0,u203909
1.0,u204214
1.0,u204261
1.0,u204267
1.0,u204333
1.0,u204524
1.0,u204567
1.0,u204709
1.0,u204720
1.0,u204779
1.0,u204824
1.0,u202898
1.0,u202769
1.0,u204849
1.0,u38232
1.0,u201342
1.0,u201667
1.0,u201795
1.0,u38339
1.0,u201888
1.0,u202046
1.0,u38286
1.0,u202153
1.0,u202185
1.0,u202301
1.0,u202305
1.0,u202513
1.0,u202522
1.0,u202585
1.0,u38238
1.0,u202625
1.0,u202654
1.0,u204834
1.0,u205086
1.0,u208559
1.0,u206984
1.0,u38009
1.0,u207253
1.0,u207349
1.0,u207440
1.0,u207476
1.0,u207574
1.0,u207646
1.0,u207729
1.0,u207764
1.0,u207792
1.0,u37925
1.0,u208118
1.0,u208141
1.0,u208360
1.0,u208400
1.0,u37917
1.0,u208449
1.0,u38030
1.0,u38033
1.0,u38200
1.0,u206776
1.0,u38138
1.0,u205120
1.0,u38065
1.0,u205330
1.0,u205491
1.0,u205651
1.0,u205652
1.0,u205777
1.0,u205860
1.0,u206024
1.0,u206027
1.0,u206485
1.0,u206552
1.0,u206560
1.0,u206589
1.0,u206597
1.0,u206743
1.0,u181544
1.0,u181530
1.0,u181484
1.0,u43320
1.0,u156520
1.0,u156757
1.0,u156769
1.0,u156826
1.0,u43344
1.0,u156973
1.0,u157001
1.0,u157112
1.0,u157147
1.0,u181403
1.0,u157481
1.0,u157606
1.0,u157738
1.0,u157947
1.0,u157981
1.0,u158000
1.0,u158073
1.0,u158190
1.0,u156315
1.0,u156171
1.0,u43531
1.0,u43768
1.0,u154679
1.0,u154714
1.0,u43879
1.0,u154948
1.0,u154995
1.0,u155012
1.0,u155156
1.0,u155224
1.0,u155287
1.0,u155294
1.0,u155353
1.0,u155532
1.0,u155546
1.0,u155615
1.0,u155670
1.0,u155713
1.0,u43808
1.0,u158407
1.0,u42922
1.0,u158478
1.0,u160491
1.0,u160636
1.0,u160785
1.0,u160980
1.0,u42823
1.0,u161220
1.0,u161309
1.0,u161310
1.0,u161371
1.0,u42382
1.0,u161442
1.0,u161513
1.0,u161597
1.0,u161680
1.0,u161748
1.0,u161782
1.0,u161789
1.0,u161870
1.0,u160600
1.0,u160305
1.0,u158577
1.0,u160281
1.0,u158882
1.0,u158992
1.0,u159066
1.0,u159087
1.0,u159098
1.0,u159154
1.0,u159162
1.0,u42894
1.0,u159284
1.0,u159486
1.0,u159544
1.0,u159583
1.0,u159848
1.0,u42868
1.0,u159991
1.0,u160072
1.0,u160132
1.0,u154474
1.0,u154284
1.0,u154283
1.0,u148488
1.0,u44196
1.0,u148601
1.0,u44153
1.0,u149080
1.0,u44095
1.0,u149291
1.0,u44074
1.0,u149344
1.0,u149406
1.0,u149435
1.0,u44066
1.0,u149474
1.0,u149703
1.0,u149789
1.0,u149814
1.0,u149893
1.0,u149897
1.0,u148556
1.0,u148477
1.0,u150113
1.0,u148476
1.0,u44350
1.0,u146909
1.0,u146943
1.0,u147037
1.0,u147095
1.0,u147179
1.0,u147186
1.0,u147292
1.0,u44340
1.0,u147825
1.0,u147882
1.0,u44277
1.0,u148033
1.0,u148063
1.0,u44234
1.0,u44230
1.0,u148323
1.0,u149922
1.0,u150220
1.0,u154065
1.0,u152229
1.0,u152351
1.0,u152499
1.0,u152584
1.0,u152901
1.0,u152956
1.0,u153038
1.0,u153061
1.0,u153215
1.0,u153258
1.0,u153274
1.0,u153508
1.0,u153643
1.0,u153676
1.0,u153711
1.0,u153953
1.0,u153970
1.0,u154005
1.0,u152268
1.0,u152037
1.0,u150264
1.0,u151965
1.0,u150275
1.0,u150290
1.0,u150359
1.0,u150473
1.0,u43992
1.0,u150664
1.0,u150858
1.0,u150923
1.0,u150941
1.0,u151008
1.0,u151089
1.0,u151136
1.0,u151390
1.0,u151570
1.0,u151727
1.0,u151803
1.0,u151846
1.0,u161900
1.0,u162233
1.0,u162342
1.0,u175630
1.0,u175925
1.0,u175958
1.0,u175992
1.0,u175993
1.0,u41521
1.0,u176480
1.0,u176533
1.0,u176736
1.0,u176795
1.0,u41240
1.0,u176811
1.0,u176892
1.0,u177010
1.0,u177210
1.0,u177459
1.0,u177507
1.0,u177635
1.0,u175733
1.0,u175383
1.0,u177768
1.0,u175265
1.0,u173400
1.0,u173477
1.0,u173851
1.0,u173903
1.0,u174004
1.0,u174129
1.0,u174211
1.0,u174391
1.0,u41623
1.0,u174677
1.0,u174728
1.0,u174801
1.0,u174815
1.0,u174839
1.0,u174920
1.0,u175024
1.0,u175041
1.0,u177753
1.0,u41221
1.0,u173042
1.0,u179923
1.0,u180420
1.0,u180458
1.0,u180462
1.0,u180539
1.0,u180543
1.0,u180600
1.0,u180695
1.0,u180720
1.0,u180877
1.0,u181043
1.0,u181056
1.0,u181061
1.0,u181078
1.0,u40958
1.0,u181270
1.0,u181289
1.0,u181393
1.0,u180157
1.0,u40974
1.0,u177791
1.0,u179875
1.0,u41219
1.0,u177887
1.0,u178138
1.0,u178266
1.0,u178276
1.0,u41058
1.0,u178500
1.0,u41053
1.0,u178690
1.0,u178778
1.0,u178815
1.0,u41013
1.0,u178969
1.0,u178987
1.0,u41007
1.0,u179587
1.0,u179861
1.0,u173215
1.0,u173021
1.0,u162360
1.0,u164802
1.0,u165446
1.0,u42066
1.0,u165592
1.0,u165697
1.0,u165722
1.0,u165909
1.0,u165939
1.0,u166174
1.0,u166211
1.0,u166472
1.0,u166757
1.0,u167025
1.0,u167069
1.0,u167122
1.0,u167176
1.0,u167262
1.0,u167414
1.0,u165442
1.0,u164349
1.0,u167542
1.0,u164223
1.0,u162534
1.0,u162781
1.0,u162995
1.0,u163029
1.0,u163062
1.0,u163073
1.0,u163206
1.0,u163459
1.0,u163562
1.0,u163589
1.0,u163768
1.0,u163782
1.0,u163783
1.0,u163825
1.0,u164082
1.0,u164173
1.0,u42230
1.0,u167453
1.0,u167780
1.0,u172960
1.0,u41811
1.0,u171013
1.0,u171033
1.0,u171192
1.0,u171195
1.0,u171213
1.0,u171234
1.0,u171305
1.0,u171477
1.0,u171574
1.0,u171628
1.0,u171886
1.0,u171902
1.0,u172327
1.0,u172427
1.0,u41756
1.0,u172840
1.0,u172846
1.0,u170801
1.0,u170409
1.0,u167844
1.0,u170399
1.0,u168129
1.0,u168196
1.0,u168757
1.0,u168786
1.0,u169153
1.0,u169287
1.0,u169367
1.0,u169421
1.0,u169504
1.0,u169544
1.0,u169564
1.0,u169584
1.0,u169592
1.0,u169611
1.0,u41840
1.0,u169761
1.0,u169999
1.0,u158491
